2025-05-22 20:18:29.851 | ERROR    | firstblog.views:__init__:56 - Error initializing RAG model: Missing key search_config
    full_key: search_config
    object_type=dict
2025-05-22 20:18:40.641 | ERROR    | firstblog.views:result:185 - RAG model not initialized
2025-05-22 20:18:44.980 | ERROR    | firstblog.views:result:185 - RAG model not initialized
2025-05-22 20:20:19.147 | ERROR    | firstblog.views:__init__:56 - Error initializing RAG model: Missing key search_config
    full_key: search_config
    object_type=dict
2025-05-22 20:20:19.423 | ERROR    | firstblog.views:__init__:56 - Error initializing RAG model: Missing key search_config
    full_key: search_config
    object_type=dict
2025-05-22 20:22:51.898 | ERROR    | firstblog.views:__init__:56 - Error initializing RAG model: Missing key search_config
    full_key: search_config
    object_type=dict
2025-05-22 20:22:51.909 | ERROR    | firstblog.views:load_and_split_documents:84 - Directory C:\Users\aplyg\PycharmProjects\DjangoSite\DjangoProject\texts does not exist
2025-05-22 20:22:51.909 | ERROR    | firstblog.views:load_documents:119 - No documents found in texts directory
2025-05-22 20:22:51.909 | ERROR    | firstblog.views:load_documents:146 - Failed to load documents: No documents found in texts directory
2025-05-22 20:22:52.082 | ERROR    | firstblog.views:__init__:56 - Error initializing RAG model: Missing key search_config
    full_key: search_config
    object_type=dict
2025-05-22 20:22:52.098 | ERROR    | firstblog.views:load_and_split_documents:84 - Directory C:\Users\aplyg\PycharmProjects\DjangoSite\DjangoProject\texts does not exist
2025-05-22 20:22:52.098 | ERROR    | firstblog.views:load_documents:119 - No documents found in texts directory
2025-05-22 20:22:52.098 | ERROR    | firstblog.views:load_documents:146 - Failed to load documents: No documents found in texts directory
2025-05-22 20:23:27.913 | ERROR    | firstblog.views:__init__:56 - Error initializing RAG model: Missing key search_config
    full_key: search_config
    object_type=dict
2025-05-22 20:23:27.931 | ERROR    | firstblog.views:load_documents:119 - No documents found in texts directory
2025-05-22 20:23:27.931 | ERROR    | firstblog.views:load_documents:146 - Failed to load documents: No documents found in texts directory
2025-05-22 20:23:28.125 | ERROR    | firstblog.views:__init__:56 - Error initializing RAG model: Missing key search_config
    full_key: search_config
    object_type=dict
2025-05-22 20:23:28.152 | ERROR    | firstblog.views:load_documents:119 - No documents found in texts directory
2025-05-22 20:23:28.152 | ERROR    | firstblog.views:load_documents:146 - Failed to load documents: No documents found in texts directory
2025-05-22 20:24:21.567 | ERROR    | firstblog.views:__init__:56 - Error initializing RAG model: Missing key search_config
    full_key: search_config
    object_type=dict
2025-05-22 20:24:21.600 | ERROR    | firstblog.views:load_documents:120 - No documents found in texts directory
2025-05-22 20:24:21.601 | ERROR    | firstblog.views:load_documents:147 - Failed to load documents: No documents found in texts directory
2025-05-22 20:24:21.768 | ERROR    | firstblog.views:__init__:56 - Error initializing RAG model: Missing key search_config
    full_key: search_config
    object_type=dict
2025-05-22 20:24:21.785 | ERROR    | firstblog.views:load_documents:120 - No documents found in texts directory
2025-05-22 20:24:21.785 | ERROR    | firstblog.views:load_documents:147 - Failed to load documents: No documents found in texts directory
2025-05-22 20:27:33.263 | ERROR    | firstblog.views:__init__:56 - Error initializing RAG model: Missing key search_config
    full_key: search_config
    object_type=dict
2025-05-22 20:27:33.337 | ERROR    | firstblog.views:load_and_split_documents:104 - Error reading C:\Users\aplyg\PycharmProjects\DjangoSite\DjangoProject\firstblog\GXP_AI_agent\texts\Изменение 34.docx: 'utf-8' codec can't decode byte 0xcb in position 14: invalid continuation byte
2025-05-22 20:27:33.550 | ERROR    | firstblog.views:load_and_split_documents:104 - Error reading C:\Users\aplyg\PycharmProjects\DjangoSite\DjangoProject\firstblog\GXP_AI_agent\texts\Изменение 67.docx: 'utf-8' codec can't decode byte 0x8a in position 15: invalid start byte
2025-05-22 20:27:33.573 | ERROR    | firstblog.views:load_and_split_documents:104 - Error reading C:\Users\aplyg\PycharmProjects\DjangoSite\DjangoProject\firstblog\GXP_AI_agent\texts\Изменения 14.docx: 'utf-8' codec can't decode byte 0x9d in position 14: invalid start byte
2025-05-22 20:27:33.590 | ERROR    | firstblog.views:load_and_split_documents:104 - Error reading C:\Users\aplyg\PycharmProjects\DjangoSite\DjangoProject\firstblog\GXP_AI_agent\texts\Изменения 55.docx: 'utf-8' codec can't decode byte 0x87 in position 16: invalid start byte
2025-05-22 20:27:33.613 | ERROR    | firstblog.views:load_and_split_documents:104 - Error reading C:\Users\aplyg\PycharmProjects\DjangoSite\DjangoProject\firstblog\GXP_AI_agent\texts\Изменения 65.docx: 'utf-8' codec can't decode byte 0xf2 in position 14: invalid continuation byte
2025-05-22 20:27:33.629 | ERROR    | firstblog.views:load_and_split_documents:104 - Error reading C:\Users\aplyg\PycharmProjects\DjangoSite\DjangoProject\firstblog\GXP_AI_agent\texts\Изменения 9.docx: 'utf-8' codec can't decode byte 0x9d in position 14: invalid start byte
2025-05-22 20:27:33.654 | ERROR    | firstblog.views:load_and_split_documents:104 - Error reading C:\Users\aplyg\PycharmProjects\DjangoSite\DjangoProject\firstblog\GXP_AI_agent\texts\Номерклатура 172.docx: 'utf-8' codec can't decode byte 0xde in position 18: invalid continuation byte
2025-05-22 20:27:33.676 | ERROR    | firstblog.views:load_and_split_documents:104 - Error reading C:\Users\aplyg\PycharmProjects\DjangoSite\DjangoProject\firstblog\GXP_AI_agent\texts\Перечень 88.docx: 'utf-8' codec can't decode byte 0xa6 in position 14: invalid start byte
2025-05-22 20:27:33.689 | ERROR    | firstblog.views:load_and_split_documents:104 - Error reading C:\Users\aplyg\PycharmProjects\DjangoSite\DjangoProject\firstblog\GXP_AI_agent\texts\Положение 121.docx: 'utf-8' codec can't decode byte 0x95 in position 15: invalid start byte
2025-05-22 20:27:33.714 | ERROR    | firstblog.views:load_and_split_documents:104 - Error reading C:\Users\aplyg\PycharmProjects\DjangoSite\DjangoProject\firstblog\GXP_AI_agent\texts\Положение 75.docx: 'utf-8' codec can't decode byte 0x80 in position 14: invalid start byte
2025-05-22 20:27:33.737 | ERROR    | firstblog.views:load_and_split_documents:104 - Error reading C:\Users\aplyg\PycharmProjects\DjangoSite\DjangoProject\firstblog\GXP_AI_agent\texts\Правила 20 2.docx: 'utf-8' codec can't decode byte 0xf8 in position 15: invalid start byte
2025-05-22 20:27:33.760 | ERROR    | firstblog.views:load_and_split_documents:104 - Error reading C:\Users\aplyg\PycharmProjects\DjangoSite\DjangoProject\firstblog\GXP_AI_agent\texts\Правила 20.docx: 'utf-8' codec can't decode byte 0xf8 in position 15: invalid start byte
2025-05-22 20:27:33.782 | ERROR    | firstblog.views:load_and_split_documents:104 - Error reading C:\Users\aplyg\PycharmProjects\DjangoSite\DjangoProject\firstblog\GXP_AI_agent\texts\Правила 30.docx: 'utf-8' codec can't decode bytes in position 14-15: invalid continuation byte
2025-05-22 20:27:33.803 | ERROR    | firstblog.views:load_and_split_documents:104 - Error reading C:\Users\aplyg\PycharmProjects\DjangoSite\DjangoProject\firstblog\GXP_AI_agent\texts\Правила 77.docx: 'utf-8' codec can't decode byte 0xa9 in position 14: invalid start byte
2025-05-22 20:27:33.824 | ERROR    | firstblog.views:load_and_split_documents:104 - Error reading C:\Users\aplyg\PycharmProjects\DjangoSite\DjangoProject\firstblog\GXP_AI_agent\texts\Правила 78.docx: 'utf-8' codec can't decode byte 0x87 in position 16: invalid start byte
2025-05-22 20:27:33.844 | ERROR    | firstblog.views:load_and_split_documents:104 - Error reading C:\Users\aplyg\PycharmProjects\DjangoSite\DjangoProject\firstblog\GXP_AI_agent\texts\Правила 79.docx: 'utf-8' codec can't decode bytes in position 14-15: invalid continuation byte
2025-05-22 20:27:33.860 | ERROR    | firstblog.views:load_and_split_documents:104 - Error reading C:\Users\aplyg\PycharmProjects\DjangoSite\DjangoProject\firstblog\GXP_AI_agent\texts\Правила 81.docx: 'utf-8' codec can't decode bytes in position 14-15: invalid continuation byte
2025-05-22 20:27:33.886 | ERROR    | firstblog.views:load_and_split_documents:104 - Error reading C:\Users\aplyg\PycharmProjects\DjangoSite\DjangoProject\firstblog\GXP_AI_agent\texts\Правила 85.docx: 'utf-8' codec can't decode byte 0x86 in position 14: invalid start byte
2025-05-22 20:27:33.900 | ERROR    | firstblog.views:load_and_split_documents:104 - Error reading C:\Users\aplyg\PycharmProjects\DjangoSite\DjangoProject\firstblog\GXP_AI_agent\texts\Правила 87.docx: 'utf-8' codec can't decode byte 0x87 in position 16: invalid start byte
2025-05-22 20:27:33.925 | ERROR    | firstblog.views:load_and_split_documents:104 - Error reading C:\Users\aplyg\PycharmProjects\DjangoSite\DjangoProject\firstblog\GXP_AI_agent\texts\Правила 89.docx: 'utf-8' codec can't decode byte 0xbe in position 16: invalid start byte
2025-05-22 20:27:33.949 | ERROR    | firstblog.views:load_and_split_documents:104 - Error reading C:\Users\aplyg\PycharmProjects\DjangoSite\DjangoProject\firstblog\GXP_AI_agent\texts\Правило 178.docx: 'utf-8' codec can't decode byte 0x87 in position 16: invalid start byte
2025-05-22 20:27:33.966 | ERROR    | firstblog.views:load_and_split_documents:104 - Error reading C:\Users\aplyg\PycharmProjects\DjangoSite\DjangoProject\firstblog\GXP_AI_agent\texts\Приложение 13.docx: 'utf-8' codec can't decode byte 0x87 in position 16: invalid start byte
2025-05-22 20:27:33.983 | ERROR    | firstblog.views:load_and_split_documents:104 - Error reading C:\Users\aplyg\PycharmProjects\DjangoSite\DjangoProject\firstblog\GXP_AI_agent\texts\Приложение 14.docx: 'utf-8' codec can't decode byte 0x87 in position 16: invalid start byte
2025-05-22 20:27:34.005 | ERROR    | firstblog.views:load_and_split_documents:104 - Error reading C:\Users\aplyg\PycharmProjects\DjangoSite\DjangoProject\firstblog\GXP_AI_agent\texts\Приложение 15.docx: 'utf-8' codec can't decode byte 0x87 in position 16: invalid start byte
2025-05-22 20:27:34.033 | ERROR    | firstblog.views:load_and_split_documents:104 - Error reading C:\Users\aplyg\PycharmProjects\DjangoSite\DjangoProject\firstblog\GXP_AI_agent\texts\Приложение 19.docx: 'utf-8' codec can't decode byte 0x87 in position 16: invalid start byte
2025-05-22 20:27:34.055 | ERROR    | firstblog.views:load_and_split_documents:104 - Error reading C:\Users\aplyg\PycharmProjects\DjangoSite\DjangoProject\firstblog\GXP_AI_agent\texts\Приложение 20.docx: 'utf-8' codec can't decode byte 0xf7 in position 15: invalid start byte
2025-05-22 20:27:34.079 | ERROR    | firstblog.views:load_and_split_documents:104 - Error reading C:\Users\aplyg\PycharmProjects\DjangoSite\DjangoProject\firstblog\GXP_AI_agent\texts\Приложение 23.docx: 'utf-8' codec can't decode byte 0xf7 in position 15: invalid start byte
2025-05-22 20:27:34.222 | ERROR    | firstblog.views:load_and_split_documents:104 - Error reading C:\Users\aplyg\PycharmProjects\DjangoSite\DjangoProject\firstblog\GXP_AI_agent\texts\Рекомендации 30.docx: 'utf-8' codec can't decode byte 0xab in position 14: invalid start byte
2025-05-22 20:27:34.337 | ERROR    | firstblog.views:load_and_split_documents:104 - Error reading C:\Users\aplyg\PycharmProjects\DjangoSite\DjangoProject\firstblog\GXP_AI_agent\texts\Рекомендации 89.docx: 'utf-8' codec can't decode byte 0xce in position 14: invalid continuation byte
2025-05-22 20:27:34.470 | ERROR    | firstblog.views:load_and_split_documents:104 - Error reading C:\Users\aplyg\PycharmProjects\DjangoSite\DjangoProject\firstblog\GXP_AI_agent\texts\Рекомендация 1.docx: 'utf-8' codec can't decode byte 0xd4 in position 14: invalid continuation byte
2025-05-22 20:27:34.578 | ERROR    | firstblog.views:load_and_split_documents:104 - Error reading C:\Users\aplyg\PycharmProjects\DjangoSite\DjangoProject\firstblog\GXP_AI_agent\texts\Рекомендация 10.docx: 'utf-8' codec can't decode byte 0xdf in position 18: invalid continuation byte
2025-05-22 20:27:34.601 | ERROR    | firstblog.views:load_and_split_documents:104 - Error reading C:\Users\aplyg\PycharmProjects\DjangoSite\DjangoProject\firstblog\GXP_AI_agent\texts\Рекомендация 11 2.docx: 'utf-8' codec can't decode byte 0xf1 in position 15: invalid continuation byte
2025-05-22 20:27:34.620 | ERROR    | firstblog.views:load_and_split_documents:104 - Error reading C:\Users\aplyg\PycharmProjects\DjangoSite\DjangoProject\firstblog\GXP_AI_agent\texts\Рекомендация 11.docx: 'utf-8' codec can't decode byte 0x9c in position 18: invalid start byte
2025-05-22 20:27:34.708 | ERROR    | firstblog.views:load_and_split_documents:104 - Error reading C:\Users\aplyg\PycharmProjects\DjangoSite\DjangoProject\firstblog\GXP_AI_agent\texts\Рекомендация 111.docx: 'utf-8' codec can't decode byte 0xec in position 14: invalid continuation byte
2025-05-22 20:27:34.818 | ERROR    | firstblog.views:load_and_split_documents:104 - Error reading C:\Users\aplyg\PycharmProjects\DjangoSite\DjangoProject\firstblog\GXP_AI_agent\texts\Рекомендация 12.docx: 'utf-8' codec can't decode byte 0xa4 in position 14: invalid start byte
2025-05-22 20:27:34.932 | ERROR    | firstblog.views:load_and_split_documents:104 - Error reading C:\Users\aplyg\PycharmProjects\DjangoSite\DjangoProject\firstblog\GXP_AI_agent\texts\Рекомендация 13 2.docx: 'utf-8' codec can't decode byte 0xec in position 16: invalid continuation byte
2025-05-22 20:27:35.062 | ERROR    | firstblog.views:load_and_split_documents:104 - Error reading C:\Users\aplyg\PycharmProjects\DjangoSite\DjangoProject\firstblog\GXP_AI_agent\texts\Рекомендация 13.docx: 'utf-8' codec can't decode byte 0xec in position 16: invalid continuation byte
2025-05-22 20:27:35.228 | ERROR    | firstblog.views:load_and_split_documents:104 - Error reading C:\Users\aplyg\PycharmProjects\DjangoSite\DjangoProject\firstblog\GXP_AI_agent\texts\Рекомендация 15 2.docx: 'utf-8' codec can't decode byte 0x86 in position 14: invalid start byte
2025-05-22 20:27:35.360 | ERROR    | firstblog.views:load_and_split_documents:104 - Error reading C:\Users\aplyg\PycharmProjects\DjangoSite\DjangoProject\firstblog\GXP_AI_agent\texts\Рекомендация 15.docx: 'utf-8' codec can't decode byte 0xec in position 14: invalid continuation byte
2025-05-22 20:27:35.474 | ERROR    | firstblog.views:load_and_split_documents:104 - Error reading C:\Users\aplyg\PycharmProjects\DjangoSite\DjangoProject\firstblog\GXP_AI_agent\texts\Рекомендация 17.docx: 'utf-8' codec can't decode byte 0xfe in position 15: invalid start byte
2025-05-22 20:27:35.582 | ERROR    | firstblog.views:load_and_split_documents:104 - Error reading C:\Users\aplyg\PycharmProjects\DjangoSite\DjangoProject\firstblog\GXP_AI_agent\texts\Рекомендация 18.docx: 'utf-8' codec can't decode byte 0xd4 in position 14: invalid continuation byte
2025-05-22 20:27:35.688 | ERROR    | firstblog.views:load_and_split_documents:104 - Error reading C:\Users\aplyg\PycharmProjects\DjangoSite\DjangoProject\firstblog\GXP_AI_agent\texts\Рекомендация 19 2.docx: 'utf-8' codec can't decode byte 0xec in position 16: invalid continuation byte
2025-05-22 20:27:35.796 | ERROR    | firstblog.views:load_and_split_documents:104 - Error reading C:\Users\aplyg\PycharmProjects\DjangoSite\DjangoProject\firstblog\GXP_AI_agent\texts\Рекомендация 19.docx: 'utf-8' codec can't decode byte 0xd4 in position 14: invalid continuation byte
2025-05-22 20:27:35.911 | ERROR    | firstblog.views:load_and_split_documents:104 - Error reading C:\Users\aplyg\PycharmProjects\DjangoSite\DjangoProject\firstblog\GXP_AI_agent\texts\Рекомендация 2 2.docx: 'utf-8' codec can't decode byte 0xdf in position 18: invalid continuation byte
2025-05-22 20:27:36.072 | ERROR    | firstblog.views:load_and_split_documents:104 - Error reading C:\Users\aplyg\PycharmProjects\DjangoSite\DjangoProject\firstblog\GXP_AI_agent\texts\Рекомендация 2 3.docx: 'utf-8' codec can't decode byte 0xa4 in position 14: invalid start byte
2025-05-22 20:27:36.207 | ERROR    | firstblog.views:load_and_split_documents:104 - Error reading C:\Users\aplyg\PycharmProjects\DjangoSite\DjangoProject\firstblog\GXP_AI_agent\texts\Рекомендация 2.docx: 'utf-8' codec can't decode byte 0xec in position 14: invalid continuation byte
2025-05-22 20:27:37.018 | ERROR    | firstblog.views:load_and_split_documents:104 - Error reading C:\Users\aplyg\PycharmProjects\DjangoSite\DjangoProject\firstblog\GXP_AI_agent\texts\Рекомендация 202.docx: 'utf-8' codec can't decode byte 0x86 in position 14: invalid start byte
2025-05-22 20:27:37.171 | ERROR    | firstblog.views:load_and_split_documents:104 - Error reading C:\Users\aplyg\PycharmProjects\DjangoSite\DjangoProject\firstblog\GXP_AI_agent\texts\Рекомендация 23 2.docx: 'utf-8' codec can't decode byte 0xf0 in position 16: invalid continuation byte
2025-05-22 20:27:37.331 | ERROR    | firstblog.views:load_and_split_documents:104 - Error reading C:\Users\aplyg\PycharmProjects\DjangoSite\DjangoProject\firstblog\GXP_AI_agent\texts\Рекомендация 23.docx: 'utf-8' codec can't decode byte 0xd4 in position 14: invalid continuation byte
2025-05-22 20:27:37.497 | ERROR    | firstblog.views:load_and_split_documents:104 - Error reading C:\Users\aplyg\PycharmProjects\DjangoSite\DjangoProject\firstblog\GXP_AI_agent\texts\Рекомендация 24.docx: 'utf-8' codec can't decode byte 0xf0 in position 16: invalid continuation byte
2025-05-22 20:27:37.613 | ERROR    | firstblog.views:load_and_split_documents:104 - Error reading C:\Users\aplyg\PycharmProjects\DjangoSite\DjangoProject\firstblog\GXP_AI_agent\texts\Рекомендация 25.docx: 'utf-8' codec can't decode byte 0xa4 in position 14: invalid start byte
2025-05-22 20:27:37.763 | ERROR    | firstblog.views:load_and_split_documents:104 - Error reading C:\Users\aplyg\PycharmProjects\DjangoSite\DjangoProject\firstblog\GXP_AI_agent\texts\Рекомендация 26.docx: 'utf-8' codec can't decode byte 0xd4 in position 14: invalid continuation byte
2025-05-22 20:27:37.874 | ERROR    | firstblog.views:load_and_split_documents:104 - Error reading C:\Users\aplyg\PycharmProjects\DjangoSite\DjangoProject\firstblog\GXP_AI_agent\texts\Рекомендация 28.docx: 'utf-8' codec can't decode byte 0xe3 in position 14: invalid continuation byte
2025-05-22 20:27:38.007 | ERROR    | firstblog.views:load_and_split_documents:104 - Error reading C:\Users\aplyg\PycharmProjects\DjangoSite\DjangoProject\firstblog\GXP_AI_agent\texts\Рекомендация 3.docx: 'utf-8' codec can't decode byte 0xa4 in position 14: invalid start byte
2025-05-22 20:27:38.197 | ERROR    | firstblog.views:load_and_split_documents:104 - Error reading C:\Users\aplyg\PycharmProjects\DjangoSite\DjangoProject\firstblog\GXP_AI_agent\texts\Рекомендация 31.docx: 'utf-8' codec can't decode byte 0xec in position 16: invalid continuation byte
2025-05-22 20:27:38.336 | ERROR    | firstblog.views:load_and_split_documents:104 - Error reading C:\Users\aplyg\PycharmProjects\DjangoSite\DjangoProject\firstblog\GXP_AI_agent\texts\Рекомендация 33.docx: 'utf-8' codec can't decode byte 0xd4 in position 14: invalid continuation byte
2025-05-22 20:27:38.479 | ERROR    | firstblog.views:load_and_split_documents:104 - Error reading C:\Users\aplyg\PycharmProjects\DjangoSite\DjangoProject\firstblog\GXP_AI_agent\texts\Рекомендация 6 2.docx: 'utf-8' codec can't decode byte 0xa4 in position 14: invalid start byte
2025-05-22 20:27:38.622 | ERROR    | firstblog.views:load_and_split_documents:104 - Error reading C:\Users\aplyg\PycharmProjects\DjangoSite\DjangoProject\firstblog\GXP_AI_agent\texts\Рекомендация 6.docx: 'utf-8' codec can't decode byte 0xd4 in position 14: invalid continuation byte
2025-05-22 20:27:38.741 | ERROR    | firstblog.views:load_and_split_documents:104 - Error reading C:\Users\aplyg\PycharmProjects\DjangoSite\DjangoProject\firstblog\GXP_AI_agent\texts\Рекомендация 8.docx: 'utf-8' codec can't decode byte 0xa4 in position 14: invalid start byte
2025-05-22 20:27:38.890 | ERROR    | firstblog.views:load_and_split_documents:104 - Error reading C:\Users\aplyg\PycharmProjects\DjangoSite\DjangoProject\firstblog\GXP_AI_agent\texts\Рекомендация 9.docx: 'utf-8' codec can't decode byte 0xdf in position 18: invalid continuation byte
2025-05-22 20:27:39.096 | ERROR    | firstblog.views:load_and_split_documents:104 - Error reading C:\Users\aplyg\PycharmProjects\DjangoSite\DjangoProject\firstblog\GXP_AI_agent\texts\Решение 100.docx: 'utf-8' codec can't decode byte 0xec in position 14: invalid continuation byte
2025-05-22 20:27:39.310 | ERROR    | firstblog.views:load_and_split_documents:104 - Error reading C:\Users\aplyg\PycharmProjects\DjangoSite\DjangoProject\firstblog\GXP_AI_agent\texts\Решение 113.docx: 'utf-8' codec can't decode byte 0xf6 in position 14: invalid start byte
2025-05-22 20:27:39.429 | ERROR    | firstblog.views:load_and_split_documents:104 - Error reading C:\Users\aplyg\PycharmProjects\DjangoSite\DjangoProject\firstblog\GXP_AI_agent\texts\Решение 119.docx: 'utf-8' codec can't decode byte 0xce in position 14: invalid continuation byte
2025-05-22 20:27:39.588 | ERROR    | firstblog.views:load_and_split_documents:104 - Error reading C:\Users\aplyg\PycharmProjects\DjangoSite\DjangoProject\firstblog\GXP_AI_agent\texts\Решение 121.docx: 'utf-8' codec can't decode byte 0xcd in position 15: invalid continuation byte
2025-05-22 20:27:39.638 | ERROR    | firstblog.views:load_and_split_documents:104 - Error reading C:\Users\aplyg\PycharmProjects\DjangoSite\DjangoProject\firstblog\GXP_AI_agent\texts\Решение 128.docx: 'utf-8' codec can't decode byte 0xfb in position 15: invalid start byte
2025-05-22 20:27:39.728 | ERROR    | firstblog.views:load_and_split_documents:104 - Error reading C:\Users\aplyg\PycharmProjects\DjangoSite\DjangoProject\firstblog\GXP_AI_agent\texts\Решение 14.docx: 'utf-8' codec can't decode byte 0xb6 in position 14: invalid start byte
2025-05-22 20:27:39.934 | ERROR    | firstblog.views:load_and_split_documents:104 - Error reading C:\Users\aplyg\PycharmProjects\DjangoSite\DjangoProject\firstblog\GXP_AI_agent\texts\Решение 151.docx: 'utf-8' codec can't decode byte 0xf6 in position 14: invalid start byte
2025-05-22 20:27:40.087 | ERROR    | firstblog.views:load_and_split_documents:104 - Error reading C:\Users\aplyg\PycharmProjects\DjangoSite\DjangoProject\firstblog\GXP_AI_agent\texts\Решение 172.docx: 'utf-8' codec can't decode byte 0xce in position 14: invalid continuation byte
2025-05-22 20:27:40.204 | ERROR    | firstblog.views:load_and_split_documents:104 - Error reading C:\Users\aplyg\PycharmProjects\DjangoSite\DjangoProject\firstblog\GXP_AI_agent\texts\Решение 178.docx: 'utf-8' codec can't decode byte 0xce in position 14: invalid continuation byte
2025-05-22 20:27:40.253 | ERROR    | firstblog.views:load_and_split_documents:104 - Error reading C:\Users\aplyg\PycharmProjects\DjangoSite\DjangoProject\firstblog\GXP_AI_agent\texts\Решение 34.docx: 'utf-8' codec can't decode byte 0x9b in position 16: invalid start byte
2025-05-22 20:27:40.403 | ERROR    | firstblog.views:load_and_split_documents:104 - Error reading C:\Users\aplyg\PycharmProjects\DjangoSite\DjangoProject\firstblog\GXP_AI_agent\texts\Решение 36.docx: 'utf-8' codec can't decode byte 0x9a in position 16: invalid start byte
2025-05-22 20:27:40.579 | ERROR    | firstblog.views:load_and_split_documents:104 - Error reading C:\Users\aplyg\PycharmProjects\DjangoSite\DjangoProject\firstblog\GXP_AI_agent\texts\Решение 51.docx: 'utf-8' codec can't decode byte 0x9a in position 16: invalid start byte
2025-05-22 20:27:40.723 | ERROR    | firstblog.views:load_and_split_documents:104 - Error reading C:\Users\aplyg\PycharmProjects\DjangoSite\DjangoProject\firstblog\GXP_AI_agent\texts\Решение 55.docx: 'utf-8' codec can't decode byte 0x86 in position 14: invalid start byte
2025-05-22 20:27:40.761 | ERROR    | firstblog.views:load_and_split_documents:104 - Error reading C:\Users\aplyg\PycharmProjects\DjangoSite\DjangoProject\firstblog\GXP_AI_agent\texts\Решение 65.docx: 'utf-8' codec can't decode byte 0xc1 in position 14: invalid start byte
2025-05-22 20:27:40.790 | ERROR    | firstblog.views:load_and_split_documents:104 - Error reading C:\Users\aplyg\PycharmProjects\DjangoSite\DjangoProject\firstblog\GXP_AI_agent\texts\Решение 67.docx: 'utf-8' codec can't decode byte 0xfb in position 15: invalid start byte
2025-05-22 20:27:40.890 | ERROR    | firstblog.views:load_and_split_documents:104 - Error reading C:\Users\aplyg\PycharmProjects\DjangoSite\DjangoProject\firstblog\GXP_AI_agent\texts\Решение 69.docx: 'utf-8' codec can't decode byte 0xf6 in position 14: invalid start byte
2025-05-22 20:27:40.982 | ERROR    | firstblog.views:load_and_split_documents:104 - Error reading C:\Users\aplyg\PycharmProjects\DjangoSite\DjangoProject\firstblog\GXP_AI_agent\texts\Решение 75.docx: 'utf-8' codec can't decode byte 0xaf in position 14: invalid start byte
2025-05-22 20:27:41.107 | ERROR    | firstblog.views:load_and_split_documents:104 - Error reading C:\Users\aplyg\PycharmProjects\DjangoSite\DjangoProject\firstblog\GXP_AI_agent\texts\Решение 76.docx: 'utf-8' codec can't decode byte 0x80 in position 16: invalid start byte
2025-05-22 20:27:41.248 | ERROR    | firstblog.views:load_and_split_documents:104 - Error reading C:\Users\aplyg\PycharmProjects\DjangoSite\DjangoProject\firstblog\GXP_AI_agent\texts\Решение 77.docx: 'utf-8' codec can't decode byte 0xce in position 14: invalid continuation byte
2025-05-22 20:27:41.375 | ERROR    | firstblog.views:load_and_split_documents:104 - Error reading C:\Users\aplyg\PycharmProjects\DjangoSite\DjangoProject\firstblog\GXP_AI_agent\texts\Решение 78.docx: 'utf-8' codec can't decode byte 0x91 in position 14: invalid start byte
2025-05-22 20:27:41.518 | ERROR    | firstblog.views:load_and_split_documents:104 - Error reading C:\Users\aplyg\PycharmProjects\DjangoSite\DjangoProject\firstblog\GXP_AI_agent\texts\Решение 79.docx: 'utf-8' codec can't decode byte 0xce in position 14: invalid continuation byte
2025-05-22 20:27:41.566 | ERROR    | firstblog.views:load_and_split_documents:104 - Error reading C:\Users\aplyg\PycharmProjects\DjangoSite\DjangoProject\firstblog\GXP_AI_agent\texts\Решение 80.docx: 'utf-8' codec can't decode byte 0xfb in position 15: invalid start byte
2025-05-22 20:27:41.681 | ERROR    | firstblog.views:load_and_split_documents:104 - Error reading C:\Users\aplyg\PycharmProjects\DjangoSite\DjangoProject\firstblog\GXP_AI_agent\texts\Решение 81 2.docx: 'utf-8' codec can't decode byte 0xce in position 14: invalid continuation byte
2025-05-22 20:27:41.699 | ERROR    | firstblog.views:load_and_split_documents:104 - Error reading C:\Users\aplyg\PycharmProjects\DjangoSite\DjangoProject\firstblog\GXP_AI_agent\texts\Решение 81.docx: 'utf-8' codec can't decode byte 0xc1 in position 14: invalid start byte
2025-05-22 20:27:41.805 | ERROR    | firstblog.views:load_and_split_documents:104 - Error reading C:\Users\aplyg\PycharmProjects\DjangoSite\DjangoProject\firstblog\GXP_AI_agent\texts\Решение 85.docx: 'utf-8' codec can't decode byte 0xc1 in position 14: invalid start byte
2025-05-22 20:27:41.912 | ERROR    | firstblog.views:load_and_split_documents:104 - Error reading C:\Users\aplyg\PycharmProjects\DjangoSite\DjangoProject\firstblog\GXP_AI_agent\texts\Решение 86.docx: 'utf-8' codec can't decode byte 0xec in position 14: invalid continuation byte
2025-05-22 20:27:42.019 | ERROR    | firstblog.views:load_and_split_documents:104 - Error reading C:\Users\aplyg\PycharmProjects\DjangoSite\DjangoProject\firstblog\GXP_AI_agent\texts\Решение 87.docx: 'utf-8' codec can't decode byte 0xce in position 14: invalid continuation byte
2025-05-22 20:27:42.145 | ERROR    | firstblog.views:load_and_split_documents:104 - Error reading C:\Users\aplyg\PycharmProjects\DjangoSite\DjangoProject\firstblog\GXP_AI_agent\texts\Решение 88.docx: 'utf-8' codec can't decode byte 0x80 in position 16: invalid start byte
2025-05-22 20:27:42.194 | ERROR    | firstblog.views:load_and_split_documents:104 - Error reading C:\Users\aplyg\PycharmProjects\DjangoSite\DjangoProject\firstblog\GXP_AI_agent\texts\Решение 9.docx: 'utf-8' codec can't decode byte 0xfb in position 15: invalid start byte
2025-05-22 20:27:42.215 | ERROR    | firstblog.views:load_and_split_documents:104 - Error reading C:\Users\aplyg\PycharmProjects\DjangoSite\DjangoProject\firstblog\GXP_AI_agent\texts\Решение 92.docx: 'utf-8' codec can't decode byte 0xdc in position 18: invalid continuation byte
2025-05-22 20:27:42.228 | ERROR    | firstblog.views:load_and_split_documents:104 - Error reading C:\Users\aplyg\PycharmProjects\DjangoSite\DjangoProject\firstblog\GXP_AI_agent\texts\Руководство 1.docx: 'utf-8' codec can't decode byte 0x9d in position 14: invalid start byte
2025-05-22 20:27:42.253 | ERROR    | firstblog.views:load_and_split_documents:104 - Error reading C:\Users\aplyg\PycharmProjects\DjangoSite\DjangoProject\firstblog\GXP_AI_agent\texts\Руководство 10.docx: 'utf-8' codec can't decode byte 0xf2 in position 14: invalid continuation byte
2025-05-22 20:27:42.269 | ERROR    | firstblog.views:load_and_split_documents:104 - Error reading C:\Users\aplyg\PycharmProjects\DjangoSite\DjangoProject\firstblog\GXP_AI_agent\texts\Руководство 11.docx: 'utf-8' codec can't decode byte 0x9d in position 14: invalid start byte
2025-05-22 20:27:42.294 | ERROR    | firstblog.views:load_and_split_documents:104 - Error reading C:\Users\aplyg\PycharmProjects\DjangoSite\DjangoProject\firstblog\GXP_AI_agent\texts\Руководство 111.docx: 'utf-8' codec can't decode byte 0x9d in position 14: invalid start byte
2025-05-22 20:27:42.433 | ERROR    | firstblog.views:load_and_split_documents:104 - Error reading C:\Users\aplyg\PycharmProjects\DjangoSite\DjangoProject\firstblog\GXP_AI_agent\texts\Руководство 113.docx: 'utf-8' codec can't decode byte 0xaf in position 16: invalid start byte
2025-05-22 20:27:42.479 | ERROR    | firstblog.views:load_and_split_documents:104 - Error reading C:\Users\aplyg\PycharmProjects\DjangoSite\DjangoProject\firstblog\GXP_AI_agent\texts\Руководство 15 2.docx: 'utf-8' codec can't decode byte 0xee in position 17: invalid continuation byte
2025-05-22 20:27:42.494 | ERROR    | firstblog.views:load_and_split_documents:104 - Error reading C:\Users\aplyg\PycharmProjects\DjangoSite\DjangoProject\firstblog\GXP_AI_agent\texts\Руководство 15.docx: 'utf-8' codec can't decode byte 0x9c in position 15: invalid start byte
2025-05-22 20:27:42.516 | ERROR    | firstblog.views:load_and_split_documents:104 - Error reading C:\Users\aplyg\PycharmProjects\DjangoSite\DjangoProject\firstblog\GXP_AI_agent\texts\Руководство 151.docx: 'utf-8' codec can't decode byte 0xd7 in position 14: invalid continuation byte
2025-05-22 20:27:42.535 | ERROR    | firstblog.views:load_and_split_documents:104 - Error reading C:\Users\aplyg\PycharmProjects\DjangoSite\DjangoProject\firstblog\GXP_AI_agent\texts\Руководство 17.docx: 'utf-8' codec can't decode byte 0xb0 in position 14: invalid start byte
2025-05-22 20:27:42.559 | ERROR    | firstblog.views:load_and_split_documents:104 - Error reading C:\Users\aplyg\PycharmProjects\DjangoSite\DjangoProject\firstblog\GXP_AI_agent\texts\Руководство 19 2.docx: 'utf-8' codec can't decode byte 0xff in position 18: invalid start byte
2025-05-22 20:27:42.576 | ERROR    | firstblog.views:load_and_split_documents:104 - Error reading C:\Users\aplyg\PycharmProjects\DjangoSite\DjangoProject\firstblog\GXP_AI_agent\texts\Руководство 19.docx: 'utf-8' codec can't decode byte 0xf2 in position 14: invalid continuation byte
2025-05-22 20:27:42.594 | ERROR    | firstblog.views:load_and_split_documents:104 - Error reading C:\Users\aplyg\PycharmProjects\DjangoSite\DjangoProject\firstblog\GXP_AI_agent\texts\Руководство 2 2.docx: 'utf-8' codec can't decode byte 0x87 in position 16: invalid start byte
2025-05-22 20:27:42.617 | ERROR    | firstblog.views:load_and_split_documents:104 - Error reading C:\Users\aplyg\PycharmProjects\DjangoSite\DjangoProject\firstblog\GXP_AI_agent\texts\Руководство 2.docx: 'utf-8' codec can't decode byte 0xf2 in position 14: invalid continuation byte
2025-05-22 20:27:42.634 | ERROR    | firstblog.views:load_and_split_documents:104 - Error reading C:\Users\aplyg\PycharmProjects\DjangoSite\DjangoProject\firstblog\GXP_AI_agent\texts\Руководство 202.docx: 'utf-8' codec can't decode byte 0xdc in position 14: invalid continuation byte
2025-05-22 20:27:42.660 | ERROR    | firstblog.views:load_and_split_documents:104 - Error reading C:\Users\aplyg\PycharmProjects\DjangoSite\DjangoProject\firstblog\GXP_AI_agent\texts\Руководство 23 2.docx: 'utf-8' codec can't decode byte 0x87 in position 16: invalid start byte
2025-05-22 20:27:42.674 | ERROR    | firstblog.views:load_and_split_documents:104 - Error reading C:\Users\aplyg\PycharmProjects\DjangoSite\DjangoProject\firstblog\GXP_AI_agent\texts\Руководство 23.docx: 'utf-8' codec can't decode byte 0x9d in position 14: invalid start byte
2025-05-22 20:27:42.694 | ERROR    | firstblog.views:load_and_split_documents:104 - Error reading C:\Users\aplyg\PycharmProjects\DjangoSite\DjangoProject\firstblog\GXP_AI_agent\texts\Руководство 24.docx: 'utf-8' codec can't decode byte 0xf8 in position 15: invalid start byte
2025-05-22 20:27:42.708 | ERROR    | firstblog.views:load_and_split_documents:104 - Error reading C:\Users\aplyg\PycharmProjects\DjangoSite\DjangoProject\firstblog\GXP_AI_agent\texts\Руководство 25.docx: 'utf-8' codec can't decode byte 0xa4 in position 14: invalid start byte
2025-05-22 20:27:42.733 | ERROR    | firstblog.views:load_and_split_documents:104 - Error reading C:\Users\aplyg\PycharmProjects\DjangoSite\DjangoProject\firstblog\GXP_AI_agent\texts\Руководство 26.docx: 'utf-8' codec can't decode byte 0xb9 in position 15: invalid start byte
2025-05-22 20:27:42.751 | ERROR    | firstblog.views:load_and_split_documents:104 - Error reading C:\Users\aplyg\PycharmProjects\DjangoSite\DjangoProject\firstblog\GXP_AI_agent\texts\Руководство 28.docx: 'utf-8' codec can't decode byte 0xbe in position 16: invalid start byte
2025-05-22 20:27:42.772 | ERROR    | firstblog.views:load_and_split_documents:104 - Error reading C:\Users\aplyg\PycharmProjects\DjangoSite\DjangoProject\firstblog\GXP_AI_agent\texts\Руководство 3.docx: 'utf-8' codec can't decode byte 0xf8 in position 15: invalid start byte
2025-05-22 20:27:42.792 | ERROR    | firstblog.views:load_and_split_documents:104 - Error reading C:\Users\aplyg\PycharmProjects\DjangoSite\DjangoProject\firstblog\GXP_AI_agent\texts\Руководство 30.docx: 'utf-8' codec can't decode byte 0xbf in position 14: invalid start byte
2025-05-22 20:27:42.818 | ERROR    | firstblog.views:load_and_split_documents:104 - Error reading C:\Users\aplyg\PycharmProjects\DjangoSite\DjangoProject\firstblog\GXP_AI_agent\texts\Руководство 33.docx: 'utf-8' codec can't decode byte 0x9d in position 14: invalid start byte
2025-05-22 20:27:42.834 | ERROR    | firstblog.views:load_and_split_documents:104 - Error reading C:\Users\aplyg\PycharmProjects\DjangoSite\DjangoProject\firstblog\GXP_AI_agent\texts\Руководство 6 2.docx: 'utf-8' codec can't decode byte 0x87 in position 16: invalid start byte
2025-05-22 20:27:42.850 | ERROR    | firstblog.views:load_and_split_documents:104 - Error reading C:\Users\aplyg\PycharmProjects\DjangoSite\DjangoProject\firstblog\GXP_AI_agent\texts\Руководство 6.docx: 'utf-8' codec can't decode byte 0xb9 in position 14: invalid start byte
2025-05-22 20:27:42.867 | ERROR    | firstblog.views:load_and_split_documents:104 - Error reading C:\Users\aplyg\PycharmProjects\DjangoSite\DjangoProject\firstblog\GXP_AI_agent\texts\Руководство 8.docx: 'utf-8' codec can't decode byte 0xee in position 17: invalid continuation byte
2025-05-22 20:27:42.883 | ERROR    | firstblog.views:load_and_split_documents:104 - Error reading C:\Users\aplyg\PycharmProjects\DjangoSite\DjangoProject\firstblog\GXP_AI_agent\texts\Руководство 9.docx: 'utf-8' codec can't decode byte 0x82 in position 16: invalid start byte
2025-05-22 20:27:42.897 | ERROR    | firstblog.views:load_and_split_documents:104 - Error reading C:\Users\aplyg\PycharmProjects\DjangoSite\DjangoProject\firstblog\GXP_AI_agent\texts\Руководство_18.docx: 'utf-8' codec can't decode byte 0x9d in position 14: invalid start byte
2025-05-22 20:27:42.916 | ERROR    | firstblog.views:load_and_split_documents:104 - Error reading C:\Users\aplyg\PycharmProjects\DjangoSite\DjangoProject\firstblog\GXP_AI_agent\texts\Требования 31.docx: 'utf-8' codec can't decode byte 0xbe in position 16: invalid start byte
2025-05-22 20:27:42.932 | ERROR    | firstblog.views:load_and_split_documents:104 - Error reading C:\Users\aplyg\PycharmProjects\DjangoSite\DjangoProject\firstblog\GXP_AI_agent\texts\Требования 76.docx: 'utf-8' codec can't decode bytes in position 14-15: invalid continuation byte
2025-05-22 20:27:42.955 | ERROR    | firstblog.views:load_and_split_documents:104 - Error reading C:\Users\aplyg\PycharmProjects\DjangoSite\DjangoProject\firstblog\GXP_AI_agent\texts\Требования 88.docx: 'utf-8' codec can't decode byte 0xf3 in position 14: invalid continuation byte
2025-05-22 20:27:42.974 | ERROR    | firstblog.views:load_and_split_documents:104 - Error reading C:\Users\aplyg\PycharmProjects\DjangoSite\DjangoProject\firstblog\GXP_AI_agent\texts\Требования.docx: 'utf-8' codec can't decode byte 0x87 in position 16: invalid start byte
2025-05-22 20:27:42.974 | ERROR    | firstblog.views:load_documents:120 - No documents found in texts directory
2025-05-22 20:27:42.974 | ERROR    | firstblog.views:load_documents:147 - Failed to load documents: No documents found in texts directory
2025-05-22 20:27:43.175 | ERROR    | firstblog.views:__init__:56 - Error initializing RAG model: Missing key search_config
    full_key: search_config
    object_type=dict
2025-05-22 20:27:43.188 | ERROR    | firstblog.views:load_and_split_documents:104 - Error reading C:\Users\aplyg\PycharmProjects\DjangoSite\DjangoProject\firstblog\GXP_AI_agent\texts\Изменение 34.docx: 'utf-8' codec can't decode byte 0xcb in position 14: invalid continuation byte
2025-05-22 20:27:43.188 | ERROR    | firstblog.views:load_and_split_documents:104 - Error reading C:\Users\aplyg\PycharmProjects\DjangoSite\DjangoProject\firstblog\GXP_AI_agent\texts\Изменение 67.docx: 'utf-8' codec can't decode byte 0x8a in position 15: invalid start byte
2025-05-22 20:27:43.188 | ERROR    | firstblog.views:load_and_split_documents:104 - Error reading C:\Users\aplyg\PycharmProjects\DjangoSite\DjangoProject\firstblog\GXP_AI_agent\texts\Изменения 14.docx: 'utf-8' codec can't decode byte 0x9d in position 14: invalid start byte
2025-05-22 20:27:43.196 | ERROR    | firstblog.views:load_and_split_documents:104 - Error reading C:\Users\aplyg\PycharmProjects\DjangoSite\DjangoProject\firstblog\GXP_AI_agent\texts\Изменения 55.docx: 'utf-8' codec can't decode byte 0x87 in position 16: invalid start byte
2025-05-22 20:27:43.197 | ERROR    | firstblog.views:load_and_split_documents:104 - Error reading C:\Users\aplyg\PycharmProjects\DjangoSite\DjangoProject\firstblog\GXP_AI_agent\texts\Изменения 65.docx: 'utf-8' codec can't decode byte 0xf2 in position 14: invalid continuation byte
2025-05-22 20:27:43.198 | ERROR    | firstblog.views:load_and_split_documents:104 - Error reading C:\Users\aplyg\PycharmProjects\DjangoSite\DjangoProject\firstblog\GXP_AI_agent\texts\Изменения 9.docx: 'utf-8' codec can't decode byte 0x9d in position 14: invalid start byte
2025-05-22 20:27:43.199 | ERROR    | firstblog.views:load_and_split_documents:104 - Error reading C:\Users\aplyg\PycharmProjects\DjangoSite\DjangoProject\firstblog\GXP_AI_agent\texts\Номерклатура 172.docx: 'utf-8' codec can't decode byte 0xde in position 18: invalid continuation byte
2025-05-22 20:27:43.199 | ERROR    | firstblog.views:load_and_split_documents:104 - Error reading C:\Users\aplyg\PycharmProjects\DjangoSite\DjangoProject\firstblog\GXP_AI_agent\texts\Перечень 88.docx: 'utf-8' codec can't decode byte 0xa6 in position 14: invalid start byte
2025-05-22 20:27:43.199 | ERROR    | firstblog.views:load_and_split_documents:104 - Error reading C:\Users\aplyg\PycharmProjects\DjangoSite\DjangoProject\firstblog\GXP_AI_agent\texts\Положение 121.docx: 'utf-8' codec can't decode byte 0x95 in position 15: invalid start byte
2025-05-22 20:27:43.199 | ERROR    | firstblog.views:load_and_split_documents:104 - Error reading C:\Users\aplyg\PycharmProjects\DjangoSite\DjangoProject\firstblog\GXP_AI_agent\texts\Положение 75.docx: 'utf-8' codec can't decode byte 0x80 in position 14: invalid start byte
2025-05-22 20:27:43.199 | ERROR    | firstblog.views:load_and_split_documents:104 - Error reading C:\Users\aplyg\PycharmProjects\DjangoSite\DjangoProject\firstblog\GXP_AI_agent\texts\Правила 20 2.docx: 'utf-8' codec can't decode byte 0xf8 in position 15: invalid start byte
2025-05-22 20:27:43.199 | ERROR    | firstblog.views:load_and_split_documents:104 - Error reading C:\Users\aplyg\PycharmProjects\DjangoSite\DjangoProject\firstblog\GXP_AI_agent\texts\Правила 20.docx: 'utf-8' codec can't decode byte 0xf8 in position 15: invalid start byte
2025-05-22 20:27:43.199 | ERROR    | firstblog.views:load_and_split_documents:104 - Error reading C:\Users\aplyg\PycharmProjects\DjangoSite\DjangoProject\firstblog\GXP_AI_agent\texts\Правила 30.docx: 'utf-8' codec can't decode bytes in position 14-15: invalid continuation byte
2025-05-22 20:27:43.205 | ERROR    | firstblog.views:load_and_split_documents:104 - Error reading C:\Users\aplyg\PycharmProjects\DjangoSite\DjangoProject\firstblog\GXP_AI_agent\texts\Правила 77.docx: 'utf-8' codec can't decode byte 0xa9 in position 14: invalid start byte
2025-05-22 20:27:43.206 | ERROR    | firstblog.views:load_and_split_documents:104 - Error reading C:\Users\aplyg\PycharmProjects\DjangoSite\DjangoProject\firstblog\GXP_AI_agent\texts\Правила 78.docx: 'utf-8' codec can't decode byte 0x87 in position 16: invalid start byte
2025-05-22 20:27:43.206 | ERROR    | firstblog.views:load_and_split_documents:104 - Error reading C:\Users\aplyg\PycharmProjects\DjangoSite\DjangoProject\firstblog\GXP_AI_agent\texts\Правила 79.docx: 'utf-8' codec can't decode bytes in position 14-15: invalid continuation byte
2025-05-22 20:27:43.206 | ERROR    | firstblog.views:load_and_split_documents:104 - Error reading C:\Users\aplyg\PycharmProjects\DjangoSite\DjangoProject\firstblog\GXP_AI_agent\texts\Правила 81.docx: 'utf-8' codec can't decode bytes in position 14-15: invalid continuation byte
2025-05-22 20:27:43.231 | ERROR    | firstblog.views:load_and_split_documents:104 - Error reading C:\Users\aplyg\PycharmProjects\DjangoSite\DjangoProject\firstblog\GXP_AI_agent\texts\Правила 85.docx: 'utf-8' codec can't decode byte 0x86 in position 14: invalid start byte
2025-05-22 20:27:43.231 | ERROR    | firstblog.views:load_and_split_documents:104 - Error reading C:\Users\aplyg\PycharmProjects\DjangoSite\DjangoProject\firstblog\GXP_AI_agent\texts\Правила 87.docx: 'utf-8' codec can't decode byte 0x87 in position 16: invalid start byte
2025-05-22 20:27:43.238 | ERROR    | firstblog.views:load_and_split_documents:104 - Error reading C:\Users\aplyg\PycharmProjects\DjangoSite\DjangoProject\firstblog\GXP_AI_agent\texts\Правила 89.docx: 'utf-8' codec can't decode byte 0xbe in position 16: invalid start byte
2025-05-22 20:27:43.239 | ERROR    | firstblog.views:load_and_split_documents:104 - Error reading C:\Users\aplyg\PycharmProjects\DjangoSite\DjangoProject\firstblog\GXP_AI_agent\texts\Правило 178.docx: 'utf-8' codec can't decode byte 0x87 in position 16: invalid start byte
2025-05-22 20:27:43.239 | ERROR    | firstblog.views:load_and_split_documents:104 - Error reading C:\Users\aplyg\PycharmProjects\DjangoSite\DjangoProject\firstblog\GXP_AI_agent\texts\Приложение 13.docx: 'utf-8' codec can't decode byte 0x87 in position 16: invalid start byte
2025-05-22 20:27:43.239 | ERROR    | firstblog.views:load_and_split_documents:104 - Error reading C:\Users\aplyg\PycharmProjects\DjangoSite\DjangoProject\firstblog\GXP_AI_agent\texts\Приложение 14.docx: 'utf-8' codec can't decode byte 0x87 in position 16: invalid start byte
2025-05-22 20:27:43.239 | ERROR    | firstblog.views:load_and_split_documents:104 - Error reading C:\Users\aplyg\PycharmProjects\DjangoSite\DjangoProject\firstblog\GXP_AI_agent\texts\Приложение 15.docx: 'utf-8' codec can't decode byte 0x87 in position 16: invalid start byte
2025-05-22 20:27:43.239 | ERROR    | firstblog.views:load_and_split_documents:104 - Error reading C:\Users\aplyg\PycharmProjects\DjangoSite\DjangoProject\firstblog\GXP_AI_agent\texts\Приложение 19.docx: 'utf-8' codec can't decode byte 0x87 in position 16: invalid start byte
2025-05-22 20:27:43.239 | ERROR    | firstblog.views:load_and_split_documents:104 - Error reading C:\Users\aplyg\PycharmProjects\DjangoSite\DjangoProject\firstblog\GXP_AI_agent\texts\Приложение 20.docx: 'utf-8' codec can't decode byte 0xf7 in position 15: invalid start byte
2025-05-22 20:27:43.239 | ERROR    | firstblog.views:load_and_split_documents:104 - Error reading C:\Users\aplyg\PycharmProjects\DjangoSite\DjangoProject\firstblog\GXP_AI_agent\texts\Приложение 23.docx: 'utf-8' codec can't decode byte 0xf7 in position 15: invalid start byte
2025-05-22 20:27:43.239 | ERROR    | firstblog.views:load_and_split_documents:104 - Error reading C:\Users\aplyg\PycharmProjects\DjangoSite\DjangoProject\firstblog\GXP_AI_agent\texts\Рекомендации 30.docx: 'utf-8' codec can't decode byte 0xab in position 14: invalid start byte
2025-05-22 20:27:43.239 | ERROR    | firstblog.views:load_and_split_documents:104 - Error reading C:\Users\aplyg\PycharmProjects\DjangoSite\DjangoProject\firstblog\GXP_AI_agent\texts\Рекомендации 89.docx: 'utf-8' codec can't decode byte 0xce in position 14: invalid continuation byte
2025-05-22 20:27:43.246 | ERROR    | firstblog.views:load_and_split_documents:104 - Error reading C:\Users\aplyg\PycharmProjects\DjangoSite\DjangoProject\firstblog\GXP_AI_agent\texts\Рекомендация 1.docx: 'utf-8' codec can't decode byte 0xd4 in position 14: invalid continuation byte
2025-05-22 20:27:43.246 | ERROR    | firstblog.views:load_and_split_documents:104 - Error reading C:\Users\aplyg\PycharmProjects\DjangoSite\DjangoProject\firstblog\GXP_AI_agent\texts\Рекомендация 10.docx: 'utf-8' codec can't decode byte 0xdf in position 18: invalid continuation byte
2025-05-22 20:27:43.248 | ERROR    | firstblog.views:load_and_split_documents:104 - Error reading C:\Users\aplyg\PycharmProjects\DjangoSite\DjangoProject\firstblog\GXP_AI_agent\texts\Рекомендация 11 2.docx: 'utf-8' codec can't decode byte 0xf1 in position 15: invalid continuation byte
2025-05-22 20:27:43.248 | ERROR    | firstblog.views:load_and_split_documents:104 - Error reading C:\Users\aplyg\PycharmProjects\DjangoSite\DjangoProject\firstblog\GXP_AI_agent\texts\Рекомендация 11.docx: 'utf-8' codec can't decode byte 0x9c in position 18: invalid start byte
2025-05-22 20:27:43.248 | ERROR    | firstblog.views:load_and_split_documents:104 - Error reading C:\Users\aplyg\PycharmProjects\DjangoSite\DjangoProject\firstblog\GXP_AI_agent\texts\Рекомендация 111.docx: 'utf-8' codec can't decode byte 0xec in position 14: invalid continuation byte
2025-05-22 20:27:43.248 | ERROR    | firstblog.views:load_and_split_documents:104 - Error reading C:\Users\aplyg\PycharmProjects\DjangoSite\DjangoProject\firstblog\GXP_AI_agent\texts\Рекомендация 12.docx: 'utf-8' codec can't decode byte 0xa4 in position 14: invalid start byte
2025-05-22 20:27:43.248 | ERROR    | firstblog.views:load_and_split_documents:104 - Error reading C:\Users\aplyg\PycharmProjects\DjangoSite\DjangoProject\firstblog\GXP_AI_agent\texts\Рекомендация 13 2.docx: 'utf-8' codec can't decode byte 0xec in position 16: invalid continuation byte
2025-05-22 20:27:43.248 | ERROR    | firstblog.views:load_and_split_documents:104 - Error reading C:\Users\aplyg\PycharmProjects\DjangoSite\DjangoProject\firstblog\GXP_AI_agent\texts\Рекомендация 13.docx: 'utf-8' codec can't decode byte 0xec in position 16: invalid continuation byte
2025-05-22 20:27:43.248 | ERROR    | firstblog.views:load_and_split_documents:104 - Error reading C:\Users\aplyg\PycharmProjects\DjangoSite\DjangoProject\firstblog\GXP_AI_agent\texts\Рекомендация 15 2.docx: 'utf-8' codec can't decode byte 0x86 in position 14: invalid start byte
2025-05-22 20:27:43.248 | ERROR    | firstblog.views:load_and_split_documents:104 - Error reading C:\Users\aplyg\PycharmProjects\DjangoSite\DjangoProject\firstblog\GXP_AI_agent\texts\Рекомендация 15.docx: 'utf-8' codec can't decode byte 0xec in position 14: invalid continuation byte
2025-05-22 20:27:43.255 | ERROR    | firstblog.views:load_and_split_documents:104 - Error reading C:\Users\aplyg\PycharmProjects\DjangoSite\DjangoProject\firstblog\GXP_AI_agent\texts\Рекомендация 17.docx: 'utf-8' codec can't decode byte 0xfe in position 15: invalid start byte
2025-05-22 20:27:43.255 | ERROR    | firstblog.views:load_and_split_documents:104 - Error reading C:\Users\aplyg\PycharmProjects\DjangoSite\DjangoProject\firstblog\GXP_AI_agent\texts\Рекомендация 18.docx: 'utf-8' codec can't decode byte 0xd4 in position 14: invalid continuation byte
2025-05-22 20:27:43.256 | ERROR    | firstblog.views:load_and_split_documents:104 - Error reading C:\Users\aplyg\PycharmProjects\DjangoSite\DjangoProject\firstblog\GXP_AI_agent\texts\Рекомендация 19 2.docx: 'utf-8' codec can't decode byte 0xec in position 16: invalid continuation byte
2025-05-22 20:27:43.256 | ERROR    | firstblog.views:load_and_split_documents:104 - Error reading C:\Users\aplyg\PycharmProjects\DjangoSite\DjangoProject\firstblog\GXP_AI_agent\texts\Рекомендация 19.docx: 'utf-8' codec can't decode byte 0xd4 in position 14: invalid continuation byte
2025-05-22 20:27:43.256 | ERROR    | firstblog.views:load_and_split_documents:104 - Error reading C:\Users\aplyg\PycharmProjects\DjangoSite\DjangoProject\firstblog\GXP_AI_agent\texts\Рекомендация 2 2.docx: 'utf-8' codec can't decode byte 0xdf in position 18: invalid continuation byte
2025-05-22 20:27:43.256 | ERROR    | firstblog.views:load_and_split_documents:104 - Error reading C:\Users\aplyg\PycharmProjects\DjangoSite\DjangoProject\firstblog\GXP_AI_agent\texts\Рекомендация 2 3.docx: 'utf-8' codec can't decode byte 0xa4 in position 14: invalid start byte
2025-05-22 20:27:43.256 | ERROR    | firstblog.views:load_and_split_documents:104 - Error reading C:\Users\aplyg\PycharmProjects\DjangoSite\DjangoProject\firstblog\GXP_AI_agent\texts\Рекомендация 2.docx: 'utf-8' codec can't decode byte 0xec in position 14: invalid continuation byte
2025-05-22 20:27:43.256 | ERROR    | firstblog.views:load_and_split_documents:104 - Error reading C:\Users\aplyg\PycharmProjects\DjangoSite\DjangoProject\firstblog\GXP_AI_agent\texts\Рекомендация 202.docx: 'utf-8' codec can't decode byte 0x86 in position 14: invalid start byte
2025-05-22 20:27:43.256 | ERROR    | firstblog.views:load_and_split_documents:104 - Error reading C:\Users\aplyg\PycharmProjects\DjangoSite\DjangoProject\firstblog\GXP_AI_agent\texts\Рекомендация 23 2.docx: 'utf-8' codec can't decode byte 0xf0 in position 16: invalid continuation byte
2025-05-22 20:27:43.256 | ERROR    | firstblog.views:load_and_split_documents:104 - Error reading C:\Users\aplyg\PycharmProjects\DjangoSite\DjangoProject\firstblog\GXP_AI_agent\texts\Рекомендация 23.docx: 'utf-8' codec can't decode byte 0xd4 in position 14: invalid continuation byte
2025-05-22 20:27:43.263 | ERROR    | firstblog.views:load_and_split_documents:104 - Error reading C:\Users\aplyg\PycharmProjects\DjangoSite\DjangoProject\firstblog\GXP_AI_agent\texts\Рекомендация 24.docx: 'utf-8' codec can't decode byte 0xf0 in position 16: invalid continuation byte
2025-05-22 20:27:43.263 | ERROR    | firstblog.views:load_and_split_documents:104 - Error reading C:\Users\aplyg\PycharmProjects\DjangoSite\DjangoProject\firstblog\GXP_AI_agent\texts\Рекомендация 25.docx: 'utf-8' codec can't decode byte 0xa4 in position 14: invalid start byte
2025-05-22 20:27:43.263 | ERROR    | firstblog.views:load_and_split_documents:104 - Error reading C:\Users\aplyg\PycharmProjects\DjangoSite\DjangoProject\firstblog\GXP_AI_agent\texts\Рекомендация 26.docx: 'utf-8' codec can't decode byte 0xd4 in position 14: invalid continuation byte
2025-05-22 20:27:43.263 | ERROR    | firstblog.views:load_and_split_documents:104 - Error reading C:\Users\aplyg\PycharmProjects\DjangoSite\DjangoProject\firstblog\GXP_AI_agent\texts\Рекомендация 28.docx: 'utf-8' codec can't decode byte 0xe3 in position 14: invalid continuation byte
2025-05-22 20:27:43.263 | ERROR    | firstblog.views:load_and_split_documents:104 - Error reading C:\Users\aplyg\PycharmProjects\DjangoSite\DjangoProject\firstblog\GXP_AI_agent\texts\Рекомендация 3.docx: 'utf-8' codec can't decode byte 0xa4 in position 14: invalid start byte
2025-05-22 20:27:43.263 | ERROR    | firstblog.views:load_and_split_documents:104 - Error reading C:\Users\aplyg\PycharmProjects\DjangoSite\DjangoProject\firstblog\GXP_AI_agent\texts\Рекомендация 31.docx: 'utf-8' codec can't decode byte 0xec in position 16: invalid continuation byte
2025-05-22 20:27:43.263 | ERROR    | firstblog.views:load_and_split_documents:104 - Error reading C:\Users\aplyg\PycharmProjects\DjangoSite\DjangoProject\firstblog\GXP_AI_agent\texts\Рекомендация 33.docx: 'utf-8' codec can't decode byte 0xd4 in position 14: invalid continuation byte
2025-05-22 20:27:43.263 | ERROR    | firstblog.views:load_and_split_documents:104 - Error reading C:\Users\aplyg\PycharmProjects\DjangoSite\DjangoProject\firstblog\GXP_AI_agent\texts\Рекомендация 6 2.docx: 'utf-8' codec can't decode byte 0xa4 in position 14: invalid start byte
2025-05-22 20:27:43.263 | ERROR    | firstblog.views:load_and_split_documents:104 - Error reading C:\Users\aplyg\PycharmProjects\DjangoSite\DjangoProject\firstblog\GXP_AI_agent\texts\Рекомендация 6.docx: 'utf-8' codec can't decode byte 0xd4 in position 14: invalid continuation byte
2025-05-22 20:27:43.271 | ERROR    | firstblog.views:load_and_split_documents:104 - Error reading C:\Users\aplyg\PycharmProjects\DjangoSite\DjangoProject\firstblog\GXP_AI_agent\texts\Рекомендация 8.docx: 'utf-8' codec can't decode byte 0xa4 in position 14: invalid start byte
2025-05-22 20:27:43.271 | ERROR    | firstblog.views:load_and_split_documents:104 - Error reading C:\Users\aplyg\PycharmProjects\DjangoSite\DjangoProject\firstblog\GXP_AI_agent\texts\Рекомендация 9.docx: 'utf-8' codec can't decode byte 0xdf in position 18: invalid continuation byte
2025-05-22 20:27:43.272 | ERROR    | firstblog.views:load_and_split_documents:104 - Error reading C:\Users\aplyg\PycharmProjects\DjangoSite\DjangoProject\firstblog\GXP_AI_agent\texts\Решение 100.docx: 'utf-8' codec can't decode byte 0xec in position 14: invalid continuation byte
2025-05-22 20:27:43.273 | ERROR    | firstblog.views:load_and_split_documents:104 - Error reading C:\Users\aplyg\PycharmProjects\DjangoSite\DjangoProject\firstblog\GXP_AI_agent\texts\Решение 113.docx: 'utf-8' codec can't decode byte 0xf6 in position 14: invalid start byte
2025-05-22 20:27:43.273 | ERROR    | firstblog.views:load_and_split_documents:104 - Error reading C:\Users\aplyg\PycharmProjects\DjangoSite\DjangoProject\firstblog\GXP_AI_agent\texts\Решение 119.docx: 'utf-8' codec can't decode byte 0xce in position 14: invalid continuation byte
2025-05-22 20:27:43.273 | ERROR    | firstblog.views:load_and_split_documents:104 - Error reading C:\Users\aplyg\PycharmProjects\DjangoSite\DjangoProject\firstblog\GXP_AI_agent\texts\Решение 121.docx: 'utf-8' codec can't decode byte 0xcd in position 15: invalid continuation byte
2025-05-22 20:27:43.273 | ERROR    | firstblog.views:load_and_split_documents:104 - Error reading C:\Users\aplyg\PycharmProjects\DjangoSite\DjangoProject\firstblog\GXP_AI_agent\texts\Решение 128.docx: 'utf-8' codec can't decode byte 0xfb in position 15: invalid start byte
2025-05-22 20:27:43.273 | ERROR    | firstblog.views:load_and_split_documents:104 - Error reading C:\Users\aplyg\PycharmProjects\DjangoSite\DjangoProject\firstblog\GXP_AI_agent\texts\Решение 14.docx: 'utf-8' codec can't decode byte 0xb6 in position 14: invalid start byte
2025-05-22 20:27:43.273 | ERROR    | firstblog.views:load_and_split_documents:104 - Error reading C:\Users\aplyg\PycharmProjects\DjangoSite\DjangoProject\firstblog\GXP_AI_agent\texts\Решение 151.docx: 'utf-8' codec can't decode byte 0xf6 in position 14: invalid start byte
2025-05-22 20:27:43.273 | ERROR    | firstblog.views:load_and_split_documents:104 - Error reading C:\Users\aplyg\PycharmProjects\DjangoSite\DjangoProject\firstblog\GXP_AI_agent\texts\Решение 172.docx: 'utf-8' codec can't decode byte 0xce in position 14: invalid continuation byte
2025-05-22 20:27:43.280 | ERROR    | firstblog.views:load_and_split_documents:104 - Error reading C:\Users\aplyg\PycharmProjects\DjangoSite\DjangoProject\firstblog\GXP_AI_agent\texts\Решение 178.docx: 'utf-8' codec can't decode byte 0xce in position 14: invalid continuation byte
2025-05-22 20:27:43.280 | ERROR    | firstblog.views:load_and_split_documents:104 - Error reading C:\Users\aplyg\PycharmProjects\DjangoSite\DjangoProject\firstblog\GXP_AI_agent\texts\Решение 34.docx: 'utf-8' codec can't decode byte 0x9b in position 16: invalid start byte
2025-05-22 20:27:43.281 | ERROR    | firstblog.views:load_and_split_documents:104 - Error reading C:\Users\aplyg\PycharmProjects\DjangoSite\DjangoProject\firstblog\GXP_AI_agent\texts\Решение 36.docx: 'utf-8' codec can't decode byte 0x9a in position 16: invalid start byte
2025-05-22 20:27:43.282 | ERROR    | firstblog.views:load_and_split_documents:104 - Error reading C:\Users\aplyg\PycharmProjects\DjangoSite\DjangoProject\firstblog\GXP_AI_agent\texts\Решение 51.docx: 'utf-8' codec can't decode byte 0x9a in position 16: invalid start byte
2025-05-22 20:27:43.283 | ERROR    | firstblog.views:load_and_split_documents:104 - Error reading C:\Users\aplyg\PycharmProjects\DjangoSite\DjangoProject\firstblog\GXP_AI_agent\texts\Решение 55.docx: 'utf-8' codec can't decode byte 0x86 in position 14: invalid start byte
2025-05-22 20:27:43.284 | ERROR    | firstblog.views:load_and_split_documents:104 - Error reading C:\Users\aplyg\PycharmProjects\DjangoSite\DjangoProject\firstblog\GXP_AI_agent\texts\Решение 65.docx: 'utf-8' codec can't decode byte 0xc1 in position 14: invalid start byte
2025-05-22 20:27:43.285 | ERROR    | firstblog.views:load_and_split_documents:104 - Error reading C:\Users\aplyg\PycharmProjects\DjangoSite\DjangoProject\firstblog\GXP_AI_agent\texts\Решение 67.docx: 'utf-8' codec can't decode byte 0xfb in position 15: invalid start byte
2025-05-22 20:27:43.286 | ERROR    | firstblog.views:load_and_split_documents:104 - Error reading C:\Users\aplyg\PycharmProjects\DjangoSite\DjangoProject\firstblog\GXP_AI_agent\texts\Решение 69.docx: 'utf-8' codec can't decode byte 0xf6 in position 14: invalid start byte
2025-05-22 20:27:43.287 | ERROR    | firstblog.views:load_and_split_documents:104 - Error reading C:\Users\aplyg\PycharmProjects\DjangoSite\DjangoProject\firstblog\GXP_AI_agent\texts\Решение 75.docx: 'utf-8' codec can't decode byte 0xaf in position 14: invalid start byte
2025-05-22 20:27:43.288 | ERROR    | firstblog.views:load_and_split_documents:104 - Error reading C:\Users\aplyg\PycharmProjects\DjangoSite\DjangoProject\firstblog\GXP_AI_agent\texts\Решение 76.docx: 'utf-8' codec can't decode byte 0x80 in position 16: invalid start byte
2025-05-22 20:27:43.289 | ERROR    | firstblog.views:load_and_split_documents:104 - Error reading C:\Users\aplyg\PycharmProjects\DjangoSite\DjangoProject\firstblog\GXP_AI_agent\texts\Решение 77.docx: 'utf-8' codec can't decode byte 0xce in position 14: invalid continuation byte
2025-05-22 20:27:43.290 | ERROR    | firstblog.views:load_and_split_documents:104 - Error reading C:\Users\aplyg\PycharmProjects\DjangoSite\DjangoProject\firstblog\GXP_AI_agent\texts\Решение 78.docx: 'utf-8' codec can't decode byte 0x91 in position 14: invalid start byte
2025-05-22 20:27:43.291 | ERROR    | firstblog.views:load_and_split_documents:104 - Error reading C:\Users\aplyg\PycharmProjects\DjangoSite\DjangoProject\firstblog\GXP_AI_agent\texts\Решение 79.docx: 'utf-8' codec can't decode byte 0xce in position 14: invalid continuation byte
2025-05-22 20:27:43.292 | ERROR    | firstblog.views:load_and_split_documents:104 - Error reading C:\Users\aplyg\PycharmProjects\DjangoSite\DjangoProject\firstblog\GXP_AI_agent\texts\Решение 80.docx: 'utf-8' codec can't decode byte 0xfb in position 15: invalid start byte
2025-05-22 20:27:43.293 | ERROR    | firstblog.views:load_and_split_documents:104 - Error reading C:\Users\aplyg\PycharmProjects\DjangoSite\DjangoProject\firstblog\GXP_AI_agent\texts\Решение 81 2.docx: 'utf-8' codec can't decode byte 0xce in position 14: invalid continuation byte
2025-05-22 20:27:43.294 | ERROR    | firstblog.views:load_and_split_documents:104 - Error reading C:\Users\aplyg\PycharmProjects\DjangoSite\DjangoProject\firstblog\GXP_AI_agent\texts\Решение 81.docx: 'utf-8' codec can't decode byte 0xc1 in position 14: invalid start byte
2025-05-22 20:27:43.295 | ERROR    | firstblog.views:load_and_split_documents:104 - Error reading C:\Users\aplyg\PycharmProjects\DjangoSite\DjangoProject\firstblog\GXP_AI_agent\texts\Решение 85.docx: 'utf-8' codec can't decode byte 0xc1 in position 14: invalid start byte
2025-05-22 20:27:43.295 | ERROR    | firstblog.views:load_and_split_documents:104 - Error reading C:\Users\aplyg\PycharmProjects\DjangoSite\DjangoProject\firstblog\GXP_AI_agent\texts\Решение 86.docx: 'utf-8' codec can't decode byte 0xec in position 14: invalid continuation byte
2025-05-22 20:27:43.296 | ERROR    | firstblog.views:load_and_split_documents:104 - Error reading C:\Users\aplyg\PycharmProjects\DjangoSite\DjangoProject\firstblog\GXP_AI_agent\texts\Решение 87.docx: 'utf-8' codec can't decode byte 0xce in position 14: invalid continuation byte
2025-05-22 20:27:43.296 | ERROR    | firstblog.views:load_and_split_documents:104 - Error reading C:\Users\aplyg\PycharmProjects\DjangoSite\DjangoProject\firstblog\GXP_AI_agent\texts\Решение 88.docx: 'utf-8' codec can't decode byte 0x80 in position 16: invalid start byte
2025-05-22 20:27:43.296 | ERROR    | firstblog.views:load_and_split_documents:104 - Error reading C:\Users\aplyg\PycharmProjects\DjangoSite\DjangoProject\firstblog\GXP_AI_agent\texts\Решение 9.docx: 'utf-8' codec can't decode byte 0xfb in position 15: invalid start byte
2025-05-22 20:27:43.296 | ERROR    | firstblog.views:load_and_split_documents:104 - Error reading C:\Users\aplyg\PycharmProjects\DjangoSite\DjangoProject\firstblog\GXP_AI_agent\texts\Решение 92.docx: 'utf-8' codec can't decode byte 0xdc in position 18: invalid continuation byte
2025-05-22 20:27:43.296 | ERROR    | firstblog.views:load_and_split_documents:104 - Error reading C:\Users\aplyg\PycharmProjects\DjangoSite\DjangoProject\firstblog\GXP_AI_agent\texts\Руководство 1.docx: 'utf-8' codec can't decode byte 0x9d in position 14: invalid start byte
2025-05-22 20:27:43.296 | ERROR    | firstblog.views:load_and_split_documents:104 - Error reading C:\Users\aplyg\PycharmProjects\DjangoSite\DjangoProject\firstblog\GXP_AI_agent\texts\Руководство 10.docx: 'utf-8' codec can't decode byte 0xf2 in position 14: invalid continuation byte
2025-05-22 20:27:43.296 | ERROR    | firstblog.views:load_and_split_documents:104 - Error reading C:\Users\aplyg\PycharmProjects\DjangoSite\DjangoProject\firstblog\GXP_AI_agent\texts\Руководство 11.docx: 'utf-8' codec can't decode byte 0x9d in position 14: invalid start byte
2025-05-22 20:27:43.303 | ERROR    | firstblog.views:load_and_split_documents:104 - Error reading C:\Users\aplyg\PycharmProjects\DjangoSite\DjangoProject\firstblog\GXP_AI_agent\texts\Руководство 111.docx: 'utf-8' codec can't decode byte 0x9d in position 14: invalid start byte
2025-05-22 20:27:43.303 | ERROR    | firstblog.views:load_and_split_documents:104 - Error reading C:\Users\aplyg\PycharmProjects\DjangoSite\DjangoProject\firstblog\GXP_AI_agent\texts\Руководство 113.docx: 'utf-8' codec can't decode byte 0xaf in position 16: invalid start byte
2025-05-22 20:27:43.305 | ERROR    | firstblog.views:load_and_split_documents:104 - Error reading C:\Users\aplyg\PycharmProjects\DjangoSite\DjangoProject\firstblog\GXP_AI_agent\texts\Руководство 15 2.docx: 'utf-8' codec can't decode byte 0xee in position 17: invalid continuation byte
2025-05-22 20:27:43.305 | ERROR    | firstblog.views:load_and_split_documents:104 - Error reading C:\Users\aplyg\PycharmProjects\DjangoSite\DjangoProject\firstblog\GXP_AI_agent\texts\Руководство 15.docx: 'utf-8' codec can't decode byte 0x9c in position 15: invalid start byte
2025-05-22 20:27:43.305 | ERROR    | firstblog.views:load_and_split_documents:104 - Error reading C:\Users\aplyg\PycharmProjects\DjangoSite\DjangoProject\firstblog\GXP_AI_agent\texts\Руководство 151.docx: 'utf-8' codec can't decode byte 0xd7 in position 14: invalid continuation byte
2025-05-22 20:27:43.305 | ERROR    | firstblog.views:load_and_split_documents:104 - Error reading C:\Users\aplyg\PycharmProjects\DjangoSite\DjangoProject\firstblog\GXP_AI_agent\texts\Руководство 17.docx: 'utf-8' codec can't decode byte 0xb0 in position 14: invalid start byte
2025-05-22 20:27:43.305 | ERROR    | firstblog.views:load_and_split_documents:104 - Error reading C:\Users\aplyg\PycharmProjects\DjangoSite\DjangoProject\firstblog\GXP_AI_agent\texts\Руководство 19 2.docx: 'utf-8' codec can't decode byte 0xff in position 18: invalid start byte
2025-05-22 20:27:43.305 | ERROR    | firstblog.views:load_and_split_documents:104 - Error reading C:\Users\aplyg\PycharmProjects\DjangoSite\DjangoProject\firstblog\GXP_AI_agent\texts\Руководство 19.docx: 'utf-8' codec can't decode byte 0xf2 in position 14: invalid continuation byte
2025-05-22 20:27:43.305 | ERROR    | firstblog.views:load_and_split_documents:104 - Error reading C:\Users\aplyg\PycharmProjects\DjangoSite\DjangoProject\firstblog\GXP_AI_agent\texts\Руководство 2 2.docx: 'utf-8' codec can't decode byte 0x87 in position 16: invalid start byte
2025-05-22 20:27:43.305 | ERROR    | firstblog.views:load_and_split_documents:104 - Error reading C:\Users\aplyg\PycharmProjects\DjangoSite\DjangoProject\firstblog\GXP_AI_agent\texts\Руководство 2.docx: 'utf-8' codec can't decode byte 0xf2 in position 14: invalid continuation byte
2025-05-22 20:27:43.305 | ERROR    | firstblog.views:load_and_split_documents:104 - Error reading C:\Users\aplyg\PycharmProjects\DjangoSite\DjangoProject\firstblog\GXP_AI_agent\texts\Руководство 202.docx: 'utf-8' codec can't decode byte 0xdc in position 14: invalid continuation byte
2025-05-22 20:27:43.311 | ERROR    | firstblog.views:load_and_split_documents:104 - Error reading C:\Users\aplyg\PycharmProjects\DjangoSite\DjangoProject\firstblog\GXP_AI_agent\texts\Руководство 23 2.docx: 'utf-8' codec can't decode byte 0x87 in position 16: invalid start byte
2025-05-22 20:27:43.311 | ERROR    | firstblog.views:load_and_split_documents:104 - Error reading C:\Users\aplyg\PycharmProjects\DjangoSite\DjangoProject\firstblog\GXP_AI_agent\texts\Руководство 23.docx: 'utf-8' codec can't decode byte 0x9d in position 14: invalid start byte
2025-05-22 20:27:43.313 | ERROR    | firstblog.views:load_and_split_documents:104 - Error reading C:\Users\aplyg\PycharmProjects\DjangoSite\DjangoProject\firstblog\GXP_AI_agent\texts\Руководство 24.docx: 'utf-8' codec can't decode byte 0xf8 in position 15: invalid start byte
2025-05-22 20:27:43.313 | ERROR    | firstblog.views:load_and_split_documents:104 - Error reading C:\Users\aplyg\PycharmProjects\DjangoSite\DjangoProject\firstblog\GXP_AI_agent\texts\Руководство 25.docx: 'utf-8' codec can't decode byte 0xa4 in position 14: invalid start byte
2025-05-22 20:27:43.313 | ERROR    | firstblog.views:load_and_split_documents:104 - Error reading C:\Users\aplyg\PycharmProjects\DjangoSite\DjangoProject\firstblog\GXP_AI_agent\texts\Руководство 26.docx: 'utf-8' codec can't decode byte 0xb9 in position 15: invalid start byte
2025-05-22 20:27:43.313 | ERROR    | firstblog.views:load_and_split_documents:104 - Error reading C:\Users\aplyg\PycharmProjects\DjangoSite\DjangoProject\firstblog\GXP_AI_agent\texts\Руководство 28.docx: 'utf-8' codec can't decode byte 0xbe in position 16: invalid start byte
2025-05-22 20:27:43.313 | ERROR    | firstblog.views:load_and_split_documents:104 - Error reading C:\Users\aplyg\PycharmProjects\DjangoSite\DjangoProject\firstblog\GXP_AI_agent\texts\Руководство 3.docx: 'utf-8' codec can't decode byte 0xf8 in position 15: invalid start byte
2025-05-22 20:27:43.313 | ERROR    | firstblog.views:load_and_split_documents:104 - Error reading C:\Users\aplyg\PycharmProjects\DjangoSite\DjangoProject\firstblog\GXP_AI_agent\texts\Руководство 30.docx: 'utf-8' codec can't decode byte 0xbf in position 14: invalid start byte
2025-05-22 20:27:43.313 | ERROR    | firstblog.views:load_and_split_documents:104 - Error reading C:\Users\aplyg\PycharmProjects\DjangoSite\DjangoProject\firstblog\GXP_AI_agent\texts\Руководство 33.docx: 'utf-8' codec can't decode byte 0x9d in position 14: invalid start byte
2025-05-22 20:27:43.313 | ERROR    | firstblog.views:load_and_split_documents:104 - Error reading C:\Users\aplyg\PycharmProjects\DjangoSite\DjangoProject\firstblog\GXP_AI_agent\texts\Руководство 6 2.docx: 'utf-8' codec can't decode byte 0x87 in position 16: invalid start byte
2025-05-22 20:27:43.313 | ERROR    | firstblog.views:load_and_split_documents:104 - Error reading C:\Users\aplyg\PycharmProjects\DjangoSite\DjangoProject\firstblog\GXP_AI_agent\texts\Руководство 6.docx: 'utf-8' codec can't decode byte 0xb9 in position 14: invalid start byte
2025-05-22 20:27:43.313 | ERROR    | firstblog.views:load_and_split_documents:104 - Error reading C:\Users\aplyg\PycharmProjects\DjangoSite\DjangoProject\firstblog\GXP_AI_agent\texts\Руководство 8.docx: 'utf-8' codec can't decode byte 0xee in position 17: invalid continuation byte
2025-05-22 20:27:43.319 | ERROR    | firstblog.views:load_and_split_documents:104 - Error reading C:\Users\aplyg\PycharmProjects\DjangoSite\DjangoProject\firstblog\GXP_AI_agent\texts\Руководство 9.docx: 'utf-8' codec can't decode byte 0x82 in position 16: invalid start byte
2025-05-22 20:27:43.320 | ERROR    | firstblog.views:load_and_split_documents:104 - Error reading C:\Users\aplyg\PycharmProjects\DjangoSite\DjangoProject\firstblog\GXP_AI_agent\texts\Руководство_18.docx: 'utf-8' codec can't decode byte 0x9d in position 14: invalid start byte
2025-05-22 20:27:43.321 | ERROR    | firstblog.views:load_and_split_documents:104 - Error reading C:\Users\aplyg\PycharmProjects\DjangoSite\DjangoProject\firstblog\GXP_AI_agent\texts\Требования 31.docx: 'utf-8' codec can't decode byte 0xbe in position 16: invalid start byte
2025-05-22 20:27:43.321 | ERROR    | firstblog.views:load_and_split_documents:104 - Error reading C:\Users\aplyg\PycharmProjects\DjangoSite\DjangoProject\firstblog\GXP_AI_agent\texts\Требования 76.docx: 'utf-8' codec can't decode bytes in position 14-15: invalid continuation byte
2025-05-22 20:27:43.321 | ERROR    | firstblog.views:load_and_split_documents:104 - Error reading C:\Users\aplyg\PycharmProjects\DjangoSite\DjangoProject\firstblog\GXP_AI_agent\texts\Требования 88.docx: 'utf-8' codec can't decode byte 0xf3 in position 14: invalid continuation byte
2025-05-22 20:27:43.321 | ERROR    | firstblog.views:load_and_split_documents:104 - Error reading C:\Users\aplyg\PycharmProjects\DjangoSite\DjangoProject\firstblog\GXP_AI_agent\texts\Требования.docx: 'utf-8' codec can't decode byte 0x87 in position 16: invalid start byte
2025-05-22 20:27:43.321 | ERROR    | firstblog.views:load_documents:120 - No documents found in texts directory
2025-05-22 20:27:43.321 | ERROR    | firstblog.views:load_documents:147 - Failed to load documents: No documents found in texts directory
2025-05-23 14:17:10.189 | ERROR    | firstblog.views:load_and_split_documents:101 - Error reading C:\Users\aplyg\PycharmProjects\DjangoSite\DjangoProject\firstblog\GXP_AI_agent\texts\Изменение 34.docx: 'utf-8' codec can't decode byte 0xcb in position 14: invalid continuation byte
2025-05-23 14:17:10.406 | ERROR    | firstblog.views:load_and_split_documents:101 - Error reading C:\Users\aplyg\PycharmProjects\DjangoSite\DjangoProject\firstblog\GXP_AI_agent\texts\Изменение 67.docx: 'utf-8' codec can't decode byte 0x8a in position 15: invalid start byte
2025-05-23 14:17:10.424 | ERROR    | firstblog.views:load_and_split_documents:101 - Error reading C:\Users\aplyg\PycharmProjects\DjangoSite\DjangoProject\firstblog\GXP_AI_agent\texts\Изменения 14.docx: 'utf-8' codec can't decode byte 0x9d in position 14: invalid start byte
2025-05-23 14:17:10.450 | ERROR    | firstblog.views:load_and_split_documents:101 - Error reading C:\Users\aplyg\PycharmProjects\DjangoSite\DjangoProject\firstblog\GXP_AI_agent\texts\Изменения 55.docx: 'utf-8' codec can't decode byte 0x87 in position 16: invalid start byte
2025-05-23 14:17:10.470 | ERROR    | firstblog.views:load_and_split_documents:101 - Error reading C:\Users\aplyg\PycharmProjects\DjangoSite\DjangoProject\firstblog\GXP_AI_agent\texts\Изменения 65.docx: 'utf-8' codec can't decode byte 0xf2 in position 14: invalid continuation byte
2025-05-23 14:17:10.501 | ERROR    | firstblog.views:load_and_split_documents:101 - Error reading C:\Users\aplyg\PycharmProjects\DjangoSite\DjangoProject\firstblog\GXP_AI_agent\texts\Изменения 9.docx: 'utf-8' codec can't decode byte 0x9d in position 14: invalid start byte
2025-05-23 14:17:10.521 | ERROR    | firstblog.views:load_and_split_documents:101 - Error reading C:\Users\aplyg\PycharmProjects\DjangoSite\DjangoProject\firstblog\GXP_AI_agent\texts\Номерклатура 172.docx: 'utf-8' codec can't decode byte 0xde in position 18: invalid continuation byte
2025-05-23 14:17:10.547 | ERROR    | firstblog.views:load_and_split_documents:101 - Error reading C:\Users\aplyg\PycharmProjects\DjangoSite\DjangoProject\firstblog\GXP_AI_agent\texts\Перечень 88.docx: 'utf-8' codec can't decode byte 0xa6 in position 14: invalid start byte
2025-05-23 14:17:10.570 | ERROR    | firstblog.views:load_and_split_documents:101 - Error reading C:\Users\aplyg\PycharmProjects\DjangoSite\DjangoProject\firstblog\GXP_AI_agent\texts\Положение 121.docx: 'utf-8' codec can't decode byte 0x95 in position 15: invalid start byte
2025-05-23 14:17:10.595 | ERROR    | firstblog.views:load_and_split_documents:101 - Error reading C:\Users\aplyg\PycharmProjects\DjangoSite\DjangoProject\firstblog\GXP_AI_agent\texts\Положение 75.docx: 'utf-8' codec can't decode byte 0x80 in position 14: invalid start byte
2025-05-23 14:17:10.617 | ERROR    | firstblog.views:load_and_split_documents:101 - Error reading C:\Users\aplyg\PycharmProjects\DjangoSite\DjangoProject\firstblog\GXP_AI_agent\texts\Правила 20 2.docx: 'utf-8' codec can't decode byte 0xf8 in position 15: invalid start byte
2025-05-23 14:17:10.642 | ERROR    | firstblog.views:load_and_split_documents:101 - Error reading C:\Users\aplyg\PycharmProjects\DjangoSite\DjangoProject\firstblog\GXP_AI_agent\texts\Правила 20.docx: 'utf-8' codec can't decode byte 0xf8 in position 15: invalid start byte
2025-05-23 14:17:10.669 | ERROR    | firstblog.views:load_and_split_documents:101 - Error reading C:\Users\aplyg\PycharmProjects\DjangoSite\DjangoProject\firstblog\GXP_AI_agent\texts\Правила 30.docx: 'utf-8' codec can't decode bytes in position 14-15: invalid continuation byte
2025-05-23 14:17:10.692 | ERROR    | firstblog.views:load_and_split_documents:101 - Error reading C:\Users\aplyg\PycharmProjects\DjangoSite\DjangoProject\firstblog\GXP_AI_agent\texts\Правила 77.docx: 'utf-8' codec can't decode byte 0xa9 in position 14: invalid start byte
2025-05-23 14:17:10.718 | ERROR    | firstblog.views:load_and_split_documents:101 - Error reading C:\Users\aplyg\PycharmProjects\DjangoSite\DjangoProject\firstblog\GXP_AI_agent\texts\Правила 78.docx: 'utf-8' codec can't decode byte 0x87 in position 16: invalid start byte
2025-05-23 14:17:10.748 | ERROR    | firstblog.views:load_and_split_documents:101 - Error reading C:\Users\aplyg\PycharmProjects\DjangoSite\DjangoProject\firstblog\GXP_AI_agent\texts\Правила 79.docx: 'utf-8' codec can't decode bytes in position 14-15: invalid continuation byte
2025-05-23 14:17:10.767 | ERROR    | firstblog.views:load_and_split_documents:101 - Error reading C:\Users\aplyg\PycharmProjects\DjangoSite\DjangoProject\firstblog\GXP_AI_agent\texts\Правила 81.docx: 'utf-8' codec can't decode bytes in position 14-15: invalid continuation byte
2025-05-23 14:17:10.801 | ERROR    | firstblog.views:load_and_split_documents:101 - Error reading C:\Users\aplyg\PycharmProjects\DjangoSite\DjangoProject\firstblog\GXP_AI_agent\texts\Правила 85.docx: 'utf-8' codec can't decode byte 0x86 in position 14: invalid start byte
2025-05-23 14:17:10.827 | ERROR    | firstblog.views:load_and_split_documents:101 - Error reading C:\Users\aplyg\PycharmProjects\DjangoSite\DjangoProject\firstblog\GXP_AI_agent\texts\Правила 87.docx: 'utf-8' codec can't decode byte 0x87 in position 16: invalid start byte
2025-05-23 14:17:10.852 | ERROR    | firstblog.views:load_and_split_documents:101 - Error reading C:\Users\aplyg\PycharmProjects\DjangoSite\DjangoProject\firstblog\GXP_AI_agent\texts\Правила 89.docx: 'utf-8' codec can't decode byte 0xbe in position 16: invalid start byte
2025-05-23 14:17:10.876 | ERROR    | firstblog.views:load_and_split_documents:101 - Error reading C:\Users\aplyg\PycharmProjects\DjangoSite\DjangoProject\firstblog\GXP_AI_agent\texts\Правило 178.docx: 'utf-8' codec can't decode byte 0x87 in position 16: invalid start byte
2025-05-23 14:17:10.899 | ERROR    | firstblog.views:load_and_split_documents:101 - Error reading C:\Users\aplyg\PycharmProjects\DjangoSite\DjangoProject\firstblog\GXP_AI_agent\texts\Приложение 13.docx: 'utf-8' codec can't decode byte 0x87 in position 16: invalid start byte
2025-05-23 14:17:10.926 | ERROR    | firstblog.views:load_and_split_documents:101 - Error reading C:\Users\aplyg\PycharmProjects\DjangoSite\DjangoProject\firstblog\GXP_AI_agent\texts\Приложение 14.docx: 'utf-8' codec can't decode byte 0x87 in position 16: invalid start byte
2025-05-23 14:17:10.951 | ERROR    | firstblog.views:load_and_split_documents:101 - Error reading C:\Users\aplyg\PycharmProjects\DjangoSite\DjangoProject\firstblog\GXP_AI_agent\texts\Приложение 15.docx: 'utf-8' codec can't decode byte 0x87 in position 16: invalid start byte
2025-05-23 14:17:10.976 | ERROR    | firstblog.views:load_and_split_documents:101 - Error reading C:\Users\aplyg\PycharmProjects\DjangoSite\DjangoProject\firstblog\GXP_AI_agent\texts\Приложение 19.docx: 'utf-8' codec can't decode byte 0x87 in position 16: invalid start byte
2025-05-23 14:17:10.999 | ERROR    | firstblog.views:load_and_split_documents:101 - Error reading C:\Users\aplyg\PycharmProjects\DjangoSite\DjangoProject\firstblog\GXP_AI_agent\texts\Приложение 20.docx: 'utf-8' codec can't decode byte 0xf7 in position 15: invalid start byte
2025-05-23 14:17:11.022 | ERROR    | firstblog.views:load_and_split_documents:101 - Error reading C:\Users\aplyg\PycharmProjects\DjangoSite\DjangoProject\firstblog\GXP_AI_agent\texts\Приложение 23.docx: 'utf-8' codec can't decode byte 0xf7 in position 15: invalid start byte
2025-05-23 14:17:11.183 | ERROR    | firstblog.views:load_and_split_documents:101 - Error reading C:\Users\aplyg\PycharmProjects\DjangoSite\DjangoProject\firstblog\GXP_AI_agent\texts\Рекомендации 30.docx: 'utf-8' codec can't decode byte 0xab in position 14: invalid start byte
2025-05-23 14:17:11.315 | ERROR    | firstblog.views:load_and_split_documents:101 - Error reading C:\Users\aplyg\PycharmProjects\DjangoSite\DjangoProject\firstblog\GXP_AI_agent\texts\Рекомендации 89.docx: 'utf-8' codec can't decode byte 0xce in position 14: invalid continuation byte
2025-05-23 14:17:11.449 | ERROR    | firstblog.views:load_and_split_documents:101 - Error reading C:\Users\aplyg\PycharmProjects\DjangoSite\DjangoProject\firstblog\GXP_AI_agent\texts\Рекомендация 1.docx: 'utf-8' codec can't decode byte 0xd4 in position 14: invalid continuation byte
2025-05-23 14:17:11.593 | ERROR    | firstblog.views:load_and_split_documents:101 - Error reading C:\Users\aplyg\PycharmProjects\DjangoSite\DjangoProject\firstblog\GXP_AI_agent\texts\Рекомендация 10.docx: 'utf-8' codec can't decode byte 0xdf in position 18: invalid continuation byte
2025-05-23 14:17:11.612 | ERROR    | firstblog.views:load_and_split_documents:101 - Error reading C:\Users\aplyg\PycharmProjects\DjangoSite\DjangoProject\firstblog\GXP_AI_agent\texts\Рекомендация 11 2.docx: 'utf-8' codec can't decode byte 0xf1 in position 15: invalid continuation byte
2025-05-23 14:17:11.636 | ERROR    | firstblog.views:load_and_split_documents:101 - Error reading C:\Users\aplyg\PycharmProjects\DjangoSite\DjangoProject\firstblog\GXP_AI_agent\texts\Рекомендация 11.docx: 'utf-8' codec can't decode byte 0x9c in position 18: invalid start byte
2025-05-23 14:17:11.726 | ERROR    | firstblog.views:load_and_split_documents:101 - Error reading C:\Users\aplyg\PycharmProjects\DjangoSite\DjangoProject\firstblog\GXP_AI_agent\texts\Рекомендация 111.docx: 'utf-8' codec can't decode byte 0xec in position 14: invalid continuation byte
2025-05-23 14:17:11.862 | ERROR    | firstblog.views:load_and_split_documents:101 - Error reading C:\Users\aplyg\PycharmProjects\DjangoSite\DjangoProject\firstblog\GXP_AI_agent\texts\Рекомендация 12.docx: 'utf-8' codec can't decode byte 0xa4 in position 14: invalid start byte
2025-05-23 14:17:11.997 | ERROR    | firstblog.views:load_and_split_documents:101 - Error reading C:\Users\aplyg\PycharmProjects\DjangoSite\DjangoProject\firstblog\GXP_AI_agent\texts\Рекомендация 13 2.docx: 'utf-8' codec can't decode byte 0xec in position 16: invalid continuation byte
2025-05-23 14:17:12.127 | ERROR    | firstblog.views:load_and_split_documents:101 - Error reading C:\Users\aplyg\PycharmProjects\DjangoSite\DjangoProject\firstblog\GXP_AI_agent\texts\Рекомендация 13.docx: 'utf-8' codec can't decode byte 0xec in position 16: invalid continuation byte
2025-05-23 14:17:12.268 | ERROR    | firstblog.views:load_and_split_documents:101 - Error reading C:\Users\aplyg\PycharmProjects\DjangoSite\DjangoProject\firstblog\GXP_AI_agent\texts\Рекомендация 15 2.docx: 'utf-8' codec can't decode byte 0x86 in position 14: invalid start byte
2025-05-23 14:17:12.385 | ERROR    | firstblog.views:load_and_split_documents:101 - Error reading C:\Users\aplyg\PycharmProjects\DjangoSite\DjangoProject\firstblog\GXP_AI_agent\texts\Рекомендация 15.docx: 'utf-8' codec can't decode byte 0xec in position 14: invalid continuation byte
2025-05-23 14:17:12.509 | ERROR    | firstblog.views:load_and_split_documents:101 - Error reading C:\Users\aplyg\PycharmProjects\DjangoSite\DjangoProject\firstblog\GXP_AI_agent\texts\Рекомендация 17.docx: 'utf-8' codec can't decode byte 0xfe in position 15: invalid start byte
2025-05-23 14:17:12.631 | ERROR    | firstblog.views:load_and_split_documents:101 - Error reading C:\Users\aplyg\PycharmProjects\DjangoSite\DjangoProject\firstblog\GXP_AI_agent\texts\Рекомендация 18.docx: 'utf-8' codec can't decode byte 0xd4 in position 14: invalid continuation byte
2025-05-23 14:17:12.757 | ERROR    | firstblog.views:load_and_split_documents:101 - Error reading C:\Users\aplyg\PycharmProjects\DjangoSite\DjangoProject\firstblog\GXP_AI_agent\texts\Рекомендация 19 2.docx: 'utf-8' codec can't decode byte 0xec in position 16: invalid continuation byte
2025-05-23 14:17:12.887 | ERROR    | firstblog.views:load_and_split_documents:101 - Error reading C:\Users\aplyg\PycharmProjects\DjangoSite\DjangoProject\firstblog\GXP_AI_agent\texts\Рекомендация 19.docx: 'utf-8' codec can't decode byte 0xd4 in position 14: invalid continuation byte
2025-05-23 14:17:13.034 | ERROR    | firstblog.views:load_and_split_documents:101 - Error reading C:\Users\aplyg\PycharmProjects\DjangoSite\DjangoProject\firstblog\GXP_AI_agent\texts\Рекомендация 2 2.docx: 'utf-8' codec can't decode byte 0xdf in position 18: invalid continuation byte
2025-05-23 14:17:13.165 | ERROR    | firstblog.views:load_and_split_documents:101 - Error reading C:\Users\aplyg\PycharmProjects\DjangoSite\DjangoProject\firstblog\GXP_AI_agent\texts\Рекомендация 2 3.docx: 'utf-8' codec can't decode byte 0xa4 in position 14: invalid start byte
2025-05-23 14:17:13.306 | ERROR    | firstblog.views:load_and_split_documents:101 - Error reading C:\Users\aplyg\PycharmProjects\DjangoSite\DjangoProject\firstblog\GXP_AI_agent\texts\Рекомендация 2.docx: 'utf-8' codec can't decode byte 0xec in position 14: invalid continuation byte
2025-05-23 14:17:14.556 | ERROR    | firstblog.views:load_and_split_documents:101 - Error reading C:\Users\aplyg\PycharmProjects\DjangoSite\DjangoProject\firstblog\GXP_AI_agent\texts\Рекомендация 202.docx: 'utf-8' codec can't decode byte 0x86 in position 14: invalid start byte
2025-05-23 14:17:14.702 | ERROR    | firstblog.views:load_and_split_documents:101 - Error reading C:\Users\aplyg\PycharmProjects\DjangoSite\DjangoProject\firstblog\GXP_AI_agent\texts\Рекомендация 23 2.docx: 'utf-8' codec can't decode byte 0xf0 in position 16: invalid continuation byte
2025-05-23 14:17:14.830 | ERROR    | firstblog.views:load_and_split_documents:101 - Error reading C:\Users\aplyg\PycharmProjects\DjangoSite\DjangoProject\firstblog\GXP_AI_agent\texts\Рекомендация 23.docx: 'utf-8' codec can't decode byte 0xd4 in position 14: invalid continuation byte
2025-05-23 14:17:15.014 | ERROR    | firstblog.views:load_and_split_documents:101 - Error reading C:\Users\aplyg\PycharmProjects\DjangoSite\DjangoProject\firstblog\GXP_AI_agent\texts\Рекомендация 24.docx: 'utf-8' codec can't decode byte 0xf0 in position 16: invalid continuation byte
2025-05-23 14:17:15.156 | ERROR    | firstblog.views:load_and_split_documents:101 - Error reading C:\Users\aplyg\PycharmProjects\DjangoSite\DjangoProject\firstblog\GXP_AI_agent\texts\Рекомендация 25.docx: 'utf-8' codec can't decode byte 0xa4 in position 14: invalid start byte
2025-05-23 14:17:15.291 | ERROR    | firstblog.views:load_and_split_documents:101 - Error reading C:\Users\aplyg\PycharmProjects\DjangoSite\DjangoProject\firstblog\GXP_AI_agent\texts\Рекомендация 26.docx: 'utf-8' codec can't decode byte 0xd4 in position 14: invalid continuation byte
2025-05-23 14:17:15.416 | ERROR    | firstblog.views:load_and_split_documents:101 - Error reading C:\Users\aplyg\PycharmProjects\DjangoSite\DjangoProject\firstblog\GXP_AI_agent\texts\Рекомендация 28.docx: 'utf-8' codec can't decode byte 0xe3 in position 14: invalid continuation byte
2025-05-23 14:17:15.551 | ERROR    | firstblog.views:load_and_split_documents:101 - Error reading C:\Users\aplyg\PycharmProjects\DjangoSite\DjangoProject\firstblog\GXP_AI_agent\texts\Рекомендация 3.docx: 'utf-8' codec can't decode byte 0xa4 in position 14: invalid start byte
2025-05-23 14:17:15.695 | ERROR    | firstblog.views:load_and_split_documents:101 - Error reading C:\Users\aplyg\PycharmProjects\DjangoSite\DjangoProject\firstblog\GXP_AI_agent\texts\Рекомендация 31.docx: 'utf-8' codec can't decode byte 0xec in position 16: invalid continuation byte
2025-05-23 14:17:15.884 | ERROR    | firstblog.views:load_and_split_documents:101 - Error reading C:\Users\aplyg\PycharmProjects\DjangoSite\DjangoProject\firstblog\GXP_AI_agent\texts\Рекомендация 33.docx: 'utf-8' codec can't decode byte 0xd4 in position 14: invalid continuation byte
2025-05-23 14:17:16.084 | ERROR    | firstblog.views:load_and_split_documents:101 - Error reading C:\Users\aplyg\PycharmProjects\DjangoSite\DjangoProject\firstblog\GXP_AI_agent\texts\Рекомендация 6 2.docx: 'utf-8' codec can't decode byte 0xa4 in position 14: invalid start byte
2025-05-23 14:17:16.225 | ERROR    | firstblog.views:load_and_split_documents:101 - Error reading C:\Users\aplyg\PycharmProjects\DjangoSite\DjangoProject\firstblog\GXP_AI_agent\texts\Рекомендация 6.docx: 'utf-8' codec can't decode byte 0xd4 in position 14: invalid continuation byte
2025-05-23 14:17:16.383 | ERROR    | firstblog.views:load_and_split_documents:101 - Error reading C:\Users\aplyg\PycharmProjects\DjangoSite\DjangoProject\firstblog\GXP_AI_agent\texts\Рекомендация 8.docx: 'utf-8' codec can't decode byte 0xa4 in position 14: invalid start byte
2025-05-23 14:17:16.538 | ERROR    | firstblog.views:load_and_split_documents:101 - Error reading C:\Users\aplyg\PycharmProjects\DjangoSite\DjangoProject\firstblog\GXP_AI_agent\texts\Рекомендация 9.docx: 'utf-8' codec can't decode byte 0xdf in position 18: invalid continuation byte
2025-05-23 14:17:16.688 | ERROR    | firstblog.views:load_and_split_documents:101 - Error reading C:\Users\aplyg\PycharmProjects\DjangoSite\DjangoProject\firstblog\GXP_AI_agent\texts\Решение 100.docx: 'utf-8' codec can't decode byte 0xec in position 14: invalid continuation byte
2025-05-23 14:17:16.881 | ERROR    | firstblog.views:load_and_split_documents:101 - Error reading C:\Users\aplyg\PycharmProjects\DjangoSite\DjangoProject\firstblog\GXP_AI_agent\texts\Решение 113.docx: 'utf-8' codec can't decode byte 0xf6 in position 14: invalid start byte
2025-05-23 14:17:17.042 | ERROR    | firstblog.views:load_and_split_documents:101 - Error reading C:\Users\aplyg\PycharmProjects\DjangoSite\DjangoProject\firstblog\GXP_AI_agent\texts\Решение 119.docx: 'utf-8' codec can't decode byte 0xce in position 14: invalid continuation byte
2025-05-23 14:17:17.240 | ERROR    | firstblog.views:load_and_split_documents:101 - Error reading C:\Users\aplyg\PycharmProjects\DjangoSite\DjangoProject\firstblog\GXP_AI_agent\texts\Решение 121.docx: 'utf-8' codec can't decode byte 0xcd in position 15: invalid continuation byte
2025-05-23 14:17:17.264 | ERROR    | firstblog.views:load_and_split_documents:101 - Error reading C:\Users\aplyg\PycharmProjects\DjangoSite\DjangoProject\firstblog\GXP_AI_agent\texts\Решение 128.docx: 'utf-8' codec can't decode byte 0xfb in position 15: invalid start byte
2025-05-23 14:17:17.379 | ERROR    | firstblog.views:load_and_split_documents:101 - Error reading C:\Users\aplyg\PycharmProjects\DjangoSite\DjangoProject\firstblog\GXP_AI_agent\texts\Решение 14.docx: 'utf-8' codec can't decode byte 0xb6 in position 14: invalid start byte
2025-05-23 14:17:17.640 | ERROR    | firstblog.views:load_and_split_documents:101 - Error reading C:\Users\aplyg\PycharmProjects\DjangoSite\DjangoProject\firstblog\GXP_AI_agent\texts\Решение 151.docx: 'utf-8' codec can't decode byte 0xf6 in position 14: invalid start byte
2025-05-23 14:17:17.784 | ERROR    | firstblog.views:load_and_split_documents:101 - Error reading C:\Users\aplyg\PycharmProjects\DjangoSite\DjangoProject\firstblog\GXP_AI_agent\texts\Решение 172.docx: 'utf-8' codec can't decode byte 0xce in position 14: invalid continuation byte
2025-05-23 14:17:17.918 | ERROR    | firstblog.views:load_and_split_documents:101 - Error reading C:\Users\aplyg\PycharmProjects\DjangoSite\DjangoProject\firstblog\GXP_AI_agent\texts\Решение 178.docx: 'utf-8' codec can't decode byte 0xce in position 14: invalid continuation byte
2025-05-23 14:17:17.943 | ERROR    | firstblog.views:load_and_split_documents:101 - Error reading C:\Users\aplyg\PycharmProjects\DjangoSite\DjangoProject\firstblog\GXP_AI_agent\texts\Решение 34.docx: 'utf-8' codec can't decode byte 0x9b in position 16: invalid start byte
2025-05-23 14:17:18.168 | ERROR    | firstblog.views:load_and_split_documents:101 - Error reading C:\Users\aplyg\PycharmProjects\DjangoSite\DjangoProject\firstblog\GXP_AI_agent\texts\Решение 36.docx: 'utf-8' codec can't decode byte 0x9a in position 16: invalid start byte
2025-05-23 14:17:18.379 | ERROR    | firstblog.views:load_and_split_documents:101 - Error reading C:\Users\aplyg\PycharmProjects\DjangoSite\DjangoProject\firstblog\GXP_AI_agent\texts\Решение 51.docx: 'utf-8' codec can't decode byte 0x9a in position 16: invalid start byte
2025-05-23 14:17:18.584 | ERROR    | firstblog.views:load_and_split_documents:101 - Error reading C:\Users\aplyg\PycharmProjects\DjangoSite\DjangoProject\firstblog\GXP_AI_agent\texts\Решение 55.docx: 'utf-8' codec can't decode byte 0x86 in position 14: invalid start byte
2025-05-23 14:17:18.617 | ERROR    | firstblog.views:load_and_split_documents:101 - Error reading C:\Users\aplyg\PycharmProjects\DjangoSite\DjangoProject\firstblog\GXP_AI_agent\texts\Решение 65.docx: 'utf-8' codec can't decode byte 0xc1 in position 14: invalid start byte
2025-05-23 14:17:18.642 | ERROR    | firstblog.views:load_and_split_documents:101 - Error reading C:\Users\aplyg\PycharmProjects\DjangoSite\DjangoProject\firstblog\GXP_AI_agent\texts\Решение 67.docx: 'utf-8' codec can't decode byte 0xfb in position 15: invalid start byte
2025-05-23 14:17:18.773 | ERROR    | firstblog.views:load_and_split_documents:101 - Error reading C:\Users\aplyg\PycharmProjects\DjangoSite\DjangoProject\firstblog\GXP_AI_agent\texts\Решение 69.docx: 'utf-8' codec can't decode byte 0xf6 in position 14: invalid start byte
2025-05-23 14:17:18.904 | ERROR    | firstblog.views:load_and_split_documents:101 - Error reading C:\Users\aplyg\PycharmProjects\DjangoSite\DjangoProject\firstblog\GXP_AI_agent\texts\Решение 75.docx: 'utf-8' codec can't decode byte 0xaf in position 14: invalid start byte
2025-05-23 14:17:19.061 | ERROR    | firstblog.views:load_and_split_documents:101 - Error reading C:\Users\aplyg\PycharmProjects\DjangoSite\DjangoProject\firstblog\GXP_AI_agent\texts\Решение 76.docx: 'utf-8' codec can't decode byte 0x80 in position 16: invalid start byte
2025-05-23 14:17:19.233 | ERROR    | firstblog.views:load_and_split_documents:101 - Error reading C:\Users\aplyg\PycharmProjects\DjangoSite\DjangoProject\firstblog\GXP_AI_agent\texts\Решение 77.docx: 'utf-8' codec can't decode byte 0xce in position 14: invalid continuation byte
2025-05-23 14:17:19.438 | ERROR    | firstblog.views:load_and_split_documents:101 - Error reading C:\Users\aplyg\PycharmProjects\DjangoSite\DjangoProject\firstblog\GXP_AI_agent\texts\Решение 78.docx: 'utf-8' codec can't decode byte 0x91 in position 14: invalid start byte
2025-05-23 14:17:19.594 | ERROR    | firstblog.views:load_and_split_documents:101 - Error reading C:\Users\aplyg\PycharmProjects\DjangoSite\DjangoProject\firstblog\GXP_AI_agent\texts\Решение 79.docx: 'utf-8' codec can't decode byte 0xce in position 14: invalid continuation byte
2025-05-23 14:17:19.627 | ERROR    | firstblog.views:load_and_split_documents:101 - Error reading C:\Users\aplyg\PycharmProjects\DjangoSite\DjangoProject\firstblog\GXP_AI_agent\texts\Решение 80.docx: 'utf-8' codec can't decode byte 0xfb in position 15: invalid start byte
2025-05-23 14:17:19.779 | ERROR    | firstblog.views:load_and_split_documents:101 - Error reading C:\Users\aplyg\PycharmProjects\DjangoSite\DjangoProject\firstblog\GXP_AI_agent\texts\Решение 81 2.docx: 'utf-8' codec can't decode byte 0xce in position 14: invalid continuation byte
2025-05-23 14:17:19.806 | ERROR    | firstblog.views:load_and_split_documents:101 - Error reading C:\Users\aplyg\PycharmProjects\DjangoSite\DjangoProject\firstblog\GXP_AI_agent\texts\Решение 81.docx: 'utf-8' codec can't decode byte 0xc1 in position 14: invalid start byte
2025-05-23 14:17:19.944 | ERROR    | firstblog.views:load_and_split_documents:101 - Error reading C:\Users\aplyg\PycharmProjects\DjangoSite\DjangoProject\firstblog\GXP_AI_agent\texts\Решение 85.docx: 'utf-8' codec can't decode byte 0xc1 in position 14: invalid start byte
2025-05-23 14:17:20.090 | ERROR    | firstblog.views:load_and_split_documents:101 - Error reading C:\Users\aplyg\PycharmProjects\DjangoSite\DjangoProject\firstblog\GXP_AI_agent\texts\Решение 86.docx: 'utf-8' codec can't decode byte 0xec in position 14: invalid continuation byte
2025-05-23 14:17:20.249 | ERROR    | firstblog.views:load_and_split_documents:101 - Error reading C:\Users\aplyg\PycharmProjects\DjangoSite\DjangoProject\firstblog\GXP_AI_agent\texts\Решение 87.docx: 'utf-8' codec can't decode byte 0xce in position 14: invalid continuation byte
2025-05-23 14:17:20.394 | ERROR    | firstblog.views:load_and_split_documents:101 - Error reading C:\Users\aplyg\PycharmProjects\DjangoSite\DjangoProject\firstblog\GXP_AI_agent\texts\Решение 88.docx: 'utf-8' codec can't decode byte 0x80 in position 16: invalid start byte
2025-05-23 14:17:20.417 | ERROR    | firstblog.views:load_and_split_documents:101 - Error reading C:\Users\aplyg\PycharmProjects\DjangoSite\DjangoProject\firstblog\GXP_AI_agent\texts\Решение 9.docx: 'utf-8' codec can't decode byte 0xfb in position 15: invalid start byte
2025-05-23 14:17:20.442 | ERROR    | firstblog.views:load_and_split_documents:101 - Error reading C:\Users\aplyg\PycharmProjects\DjangoSite\DjangoProject\firstblog\GXP_AI_agent\texts\Решение 92.docx: 'utf-8' codec can't decode byte 0xdc in position 18: invalid continuation byte
2025-05-23 14:17:20.474 | ERROR    | firstblog.views:load_and_split_documents:101 - Error reading C:\Users\aplyg\PycharmProjects\DjangoSite\DjangoProject\firstblog\GXP_AI_agent\texts\Руководство 1.docx: 'utf-8' codec can't decode byte 0x9d in position 14: invalid start byte
2025-05-23 14:17:20.502 | ERROR    | firstblog.views:load_and_split_documents:101 - Error reading C:\Users\aplyg\PycharmProjects\DjangoSite\DjangoProject\firstblog\GXP_AI_agent\texts\Руководство 10.docx: 'utf-8' codec can't decode byte 0xf2 in position 14: invalid continuation byte
2025-05-23 14:17:20.523 | ERROR    | firstblog.views:load_and_split_documents:101 - Error reading C:\Users\aplyg\PycharmProjects\DjangoSite\DjangoProject\firstblog\GXP_AI_agent\texts\Руководство 11.docx: 'utf-8' codec can't decode byte 0x9d in position 14: invalid start byte
2025-05-23 14:17:20.548 | ERROR    | firstblog.views:load_and_split_documents:101 - Error reading C:\Users\aplyg\PycharmProjects\DjangoSite\DjangoProject\firstblog\GXP_AI_agent\texts\Руководство 111.docx: 'utf-8' codec can't decode byte 0x9d in position 14: invalid start byte
2025-05-23 14:17:20.706 | ERROR    | firstblog.views:load_and_split_documents:101 - Error reading C:\Users\aplyg\PycharmProjects\DjangoSite\DjangoProject\firstblog\GXP_AI_agent\texts\Руководство 113.docx: 'utf-8' codec can't decode byte 0xaf in position 16: invalid start byte
2025-05-23 14:17:20.724 | ERROR    | firstblog.views:load_and_split_documents:101 - Error reading C:\Users\aplyg\PycharmProjects\DjangoSite\DjangoProject\firstblog\GXP_AI_agent\texts\Руководство 15 2.docx: 'utf-8' codec can't decode byte 0xee in position 17: invalid continuation byte
2025-05-23 14:17:20.746 | ERROR    | firstblog.views:load_and_split_documents:101 - Error reading C:\Users\aplyg\PycharmProjects\DjangoSite\DjangoProject\firstblog\GXP_AI_agent\texts\Руководство 15.docx: 'utf-8' codec can't decode byte 0x9c in position 15: invalid start byte
2025-05-23 14:17:20.762 | ERROR    | firstblog.views:load_and_split_documents:101 - Error reading C:\Users\aplyg\PycharmProjects\DjangoSite\DjangoProject\firstblog\GXP_AI_agent\texts\Руководство 151.docx: 'utf-8' codec can't decode byte 0xd7 in position 14: invalid continuation byte
2025-05-23 14:17:20.789 | ERROR    | firstblog.views:load_and_split_documents:101 - Error reading C:\Users\aplyg\PycharmProjects\DjangoSite\DjangoProject\firstblog\GXP_AI_agent\texts\Руководство 17.docx: 'utf-8' codec can't decode byte 0xb0 in position 14: invalid start byte
2025-05-23 14:17:20.803 | ERROR    | firstblog.views:load_and_split_documents:101 - Error reading C:\Users\aplyg\PycharmProjects\DjangoSite\DjangoProject\firstblog\GXP_AI_agent\texts\Руководство 19 2.docx: 'utf-8' codec can't decode byte 0xff in position 18: invalid start byte
2025-05-23 14:17:20.830 | ERROR    | firstblog.views:load_and_split_documents:101 - Error reading C:\Users\aplyg\PycharmProjects\DjangoSite\DjangoProject\firstblog\GXP_AI_agent\texts\Руководство 19.docx: 'utf-8' codec can't decode byte 0xf2 in position 14: invalid continuation byte
2025-05-23 14:17:20.847 | ERROR    | firstblog.views:load_and_split_documents:101 - Error reading C:\Users\aplyg\PycharmProjects\DjangoSite\DjangoProject\firstblog\GXP_AI_agent\texts\Руководство 2 2.docx: 'utf-8' codec can't decode byte 0x87 in position 16: invalid start byte
2025-05-23 14:17:20.874 | ERROR    | firstblog.views:load_and_split_documents:101 - Error reading C:\Users\aplyg\PycharmProjects\DjangoSite\DjangoProject\firstblog\GXP_AI_agent\texts\Руководство 2.docx: 'utf-8' codec can't decode byte 0xf2 in position 14: invalid continuation byte
2025-05-23 14:17:20.896 | ERROR    | firstblog.views:load_and_split_documents:101 - Error reading C:\Users\aplyg\PycharmProjects\DjangoSite\DjangoProject\firstblog\GXP_AI_agent\texts\Руководство 202.docx: 'utf-8' codec can't decode byte 0xdc in position 14: invalid continuation byte
2025-05-23 14:17:20.919 | ERROR    | firstblog.views:load_and_split_documents:101 - Error reading C:\Users\aplyg\PycharmProjects\DjangoSite\DjangoProject\firstblog\GXP_AI_agent\texts\Руководство 23 2.docx: 'utf-8' codec can't decode byte 0x87 in position 16: invalid start byte
2025-05-23 14:17:20.943 | ERROR    | firstblog.views:load_and_split_documents:101 - Error reading C:\Users\aplyg\PycharmProjects\DjangoSite\DjangoProject\firstblog\GXP_AI_agent\texts\Руководство 23.docx: 'utf-8' codec can't decode byte 0x9d in position 14: invalid start byte
2025-05-23 14:17:20.972 | ERROR    | firstblog.views:load_and_split_documents:101 - Error reading C:\Users\aplyg\PycharmProjects\DjangoSite\DjangoProject\firstblog\GXP_AI_agent\texts\Руководство 24.docx: 'utf-8' codec can't decode byte 0xf8 in position 15: invalid start byte
2025-05-23 14:17:20.992 | ERROR    | firstblog.views:load_and_split_documents:101 - Error reading C:\Users\aplyg\PycharmProjects\DjangoSite\DjangoProject\firstblog\GXP_AI_agent\texts\Руководство 25.docx: 'utf-8' codec can't decode byte 0xa4 in position 14: invalid start byte
2025-05-23 14:17:21.016 | ERROR    | firstblog.views:load_and_split_documents:101 - Error reading C:\Users\aplyg\PycharmProjects\DjangoSite\DjangoProject\firstblog\GXP_AI_agent\texts\Руководство 26.docx: 'utf-8' codec can't decode byte 0xb9 in position 15: invalid start byte
2025-05-23 14:17:21.039 | ERROR    | firstblog.views:load_and_split_documents:101 - Error reading C:\Users\aplyg\PycharmProjects\DjangoSite\DjangoProject\firstblog\GXP_AI_agent\texts\Руководство 28.docx: 'utf-8' codec can't decode byte 0xbe in position 16: invalid start byte
2025-05-23 14:17:21.074 | ERROR    | firstblog.views:load_and_split_documents:101 - Error reading C:\Users\aplyg\PycharmProjects\DjangoSite\DjangoProject\firstblog\GXP_AI_agent\texts\Руководство 3.docx: 'utf-8' codec can't decode byte 0xf8 in position 15: invalid start byte
2025-05-23 14:17:21.102 | ERROR    | firstblog.views:load_and_split_documents:101 - Error reading C:\Users\aplyg\PycharmProjects\DjangoSite\DjangoProject\firstblog\GXP_AI_agent\texts\Руководство 30.docx: 'utf-8' codec can't decode byte 0xbf in position 14: invalid start byte
2025-05-23 14:17:21.128 | ERROR    | firstblog.views:load_and_split_documents:101 - Error reading C:\Users\aplyg\PycharmProjects\DjangoSite\DjangoProject\firstblog\GXP_AI_agent\texts\Руководство 33.docx: 'utf-8' codec can't decode byte 0x9d in position 14: invalid start byte
2025-05-23 14:17:21.151 | ERROR    | firstblog.views:load_and_split_documents:101 - Error reading C:\Users\aplyg\PycharmProjects\DjangoSite\DjangoProject\firstblog\GXP_AI_agent\texts\Руководство 6 2.docx: 'utf-8' codec can't decode byte 0x87 in position 16: invalid start byte
2025-05-23 14:17:21.167 | ERROR    | firstblog.views:load_and_split_documents:101 - Error reading C:\Users\aplyg\PycharmProjects\DjangoSite\DjangoProject\firstblog\GXP_AI_agent\texts\Руководство 6.docx: 'utf-8' codec can't decode byte 0xb9 in position 14: invalid start byte
2025-05-23 14:17:21.194 | ERROR    | firstblog.views:load_and_split_documents:101 - Error reading C:\Users\aplyg\PycharmProjects\DjangoSite\DjangoProject\firstblog\GXP_AI_agent\texts\Руководство 8.docx: 'utf-8' codec can't decode byte 0xee in position 17: invalid continuation byte
2025-05-23 14:17:21.217 | ERROR    | firstblog.views:load_and_split_documents:101 - Error reading C:\Users\aplyg\PycharmProjects\DjangoSite\DjangoProject\firstblog\GXP_AI_agent\texts\Руководство 9.docx: 'utf-8' codec can't decode byte 0x82 in position 16: invalid start byte
2025-05-23 14:17:21.235 | ERROR    | firstblog.views:load_and_split_documents:101 - Error reading C:\Users\aplyg\PycharmProjects\DjangoSite\DjangoProject\firstblog\GXP_AI_agent\texts\Руководство_18.docx: 'utf-8' codec can't decode byte 0x9d in position 14: invalid start byte
2025-05-23 14:17:21.260 | ERROR    | firstblog.views:load_and_split_documents:101 - Error reading C:\Users\aplyg\PycharmProjects\DjangoSite\DjangoProject\firstblog\GXP_AI_agent\texts\Требования 31.docx: 'utf-8' codec can't decode byte 0xbe in position 16: invalid start byte
2025-05-23 14:17:21.284 | ERROR    | firstblog.views:load_and_split_documents:101 - Error reading C:\Users\aplyg\PycharmProjects\DjangoSite\DjangoProject\firstblog\GXP_AI_agent\texts\Требования 76.docx: 'utf-8' codec can't decode bytes in position 14-15: invalid continuation byte
2025-05-23 14:17:21.301 | ERROR    | firstblog.views:load_and_split_documents:101 - Error reading C:\Users\aplyg\PycharmProjects\DjangoSite\DjangoProject\firstblog\GXP_AI_agent\texts\Требования 88.docx: 'utf-8' codec can't decode byte 0xf3 in position 14: invalid continuation byte
2025-05-23 14:17:21.325 | ERROR    | firstblog.views:load_and_split_documents:101 - Error reading C:\Users\aplyg\PycharmProjects\DjangoSite\DjangoProject\firstblog\GXP_AI_agent\texts\Требования.docx: 'utf-8' codec can't decode byte 0x87 in position 16: invalid start byte
2025-05-23 14:17:21.325 | ERROR    | firstblog.views:load_documents:117 - No documents found in texts directory
2025-05-23 14:17:21.325 | ERROR    | firstblog.views:load_documents:144 - Failed to load documents: No documents found in texts directory
2025-05-23 14:17:21.439 | ERROR    | firstblog.views:load_and_split_documents:101 - Error reading C:\Users\aplyg\PycharmProjects\DjangoSite\DjangoProject\firstblog\GXP_AI_agent\texts\Изменение 34.docx: 'utf-8' codec can't decode byte 0xcb in position 14: invalid continuation byte
2025-05-23 14:17:21.439 | ERROR    | firstblog.views:load_and_split_documents:101 - Error reading C:\Users\aplyg\PycharmProjects\DjangoSite\DjangoProject\firstblog\GXP_AI_agent\texts\Изменение 67.docx: 'utf-8' codec can't decode byte 0x8a in position 15: invalid start byte
2025-05-23 14:17:21.439 | ERROR    | firstblog.views:load_and_split_documents:101 - Error reading C:\Users\aplyg\PycharmProjects\DjangoSite\DjangoProject\firstblog\GXP_AI_agent\texts\Изменения 14.docx: 'utf-8' codec can't decode byte 0x9d in position 14: invalid start byte
2025-05-23 14:17:21.439 | ERROR    | firstblog.views:load_and_split_documents:101 - Error reading C:\Users\aplyg\PycharmProjects\DjangoSite\DjangoProject\firstblog\GXP_AI_agent\texts\Изменения 55.docx: 'utf-8' codec can't decode byte 0x87 in position 16: invalid start byte
2025-05-23 14:17:21.439 | ERROR    | firstblog.views:load_and_split_documents:101 - Error reading C:\Users\aplyg\PycharmProjects\DjangoSite\DjangoProject\firstblog\GXP_AI_agent\texts\Изменения 65.docx: 'utf-8' codec can't decode byte 0xf2 in position 14: invalid continuation byte
2025-05-23 14:17:21.439 | ERROR    | firstblog.views:load_and_split_documents:101 - Error reading C:\Users\aplyg\PycharmProjects\DjangoSite\DjangoProject\firstblog\GXP_AI_agent\texts\Изменения 9.docx: 'utf-8' codec can't decode byte 0x9d in position 14: invalid start byte
2025-05-23 14:17:21.439 | ERROR    | firstblog.views:load_and_split_documents:101 - Error reading C:\Users\aplyg\PycharmProjects\DjangoSite\DjangoProject\firstblog\GXP_AI_agent\texts\Номерклатура 172.docx: 'utf-8' codec can't decode byte 0xde in position 18: invalid continuation byte
2025-05-23 14:17:21.445 | ERROR    | firstblog.views:load_and_split_documents:101 - Error reading C:\Users\aplyg\PycharmProjects\DjangoSite\DjangoProject\firstblog\GXP_AI_agent\texts\Перечень 88.docx: 'utf-8' codec can't decode byte 0xa6 in position 14: invalid start byte
2025-05-23 14:17:21.446 | ERROR    | firstblog.views:load_and_split_documents:101 - Error reading C:\Users\aplyg\PycharmProjects\DjangoSite\DjangoProject\firstblog\GXP_AI_agent\texts\Положение 121.docx: 'utf-8' codec can't decode byte 0x95 in position 15: invalid start byte
2025-05-23 14:17:21.447 | ERROR    | firstblog.views:load_and_split_documents:101 - Error reading C:\Users\aplyg\PycharmProjects\DjangoSite\DjangoProject\firstblog\GXP_AI_agent\texts\Положение 75.docx: 'utf-8' codec can't decode byte 0x80 in position 14: invalid start byte
2025-05-23 14:17:21.447 | ERROR    | firstblog.views:load_and_split_documents:101 - Error reading C:\Users\aplyg\PycharmProjects\DjangoSite\DjangoProject\firstblog\GXP_AI_agent\texts\Правила 20 2.docx: 'utf-8' codec can't decode byte 0xf8 in position 15: invalid start byte
2025-05-23 14:17:21.447 | ERROR    | firstblog.views:load_and_split_documents:101 - Error reading C:\Users\aplyg\PycharmProjects\DjangoSite\DjangoProject\firstblog\GXP_AI_agent\texts\Правила 20.docx: 'utf-8' codec can't decode byte 0xf8 in position 15: invalid start byte
2025-05-23 14:17:21.447 | ERROR    | firstblog.views:load_and_split_documents:101 - Error reading C:\Users\aplyg\PycharmProjects\DjangoSite\DjangoProject\firstblog\GXP_AI_agent\texts\Правила 30.docx: 'utf-8' codec can't decode bytes in position 14-15: invalid continuation byte
2025-05-23 14:17:21.447 | ERROR    | firstblog.views:load_and_split_documents:101 - Error reading C:\Users\aplyg\PycharmProjects\DjangoSite\DjangoProject\firstblog\GXP_AI_agent\texts\Правила 77.docx: 'utf-8' codec can't decode byte 0xa9 in position 14: invalid start byte
2025-05-23 14:17:21.447 | ERROR    | firstblog.views:load_and_split_documents:101 - Error reading C:\Users\aplyg\PycharmProjects\DjangoSite\DjangoProject\firstblog\GXP_AI_agent\texts\Правила 78.docx: 'utf-8' codec can't decode byte 0x87 in position 16: invalid start byte
2025-05-23 14:17:21.454 | ERROR    | firstblog.views:load_and_split_documents:101 - Error reading C:\Users\aplyg\PycharmProjects\DjangoSite\DjangoProject\firstblog\GXP_AI_agent\texts\Правила 79.docx: 'utf-8' codec can't decode bytes in position 14-15: invalid continuation byte
2025-05-23 14:17:21.454 | ERROR    | firstblog.views:load_and_split_documents:101 - Error reading C:\Users\aplyg\PycharmProjects\DjangoSite\DjangoProject\firstblog\GXP_AI_agent\texts\Правила 81.docx: 'utf-8' codec can't decode bytes in position 14-15: invalid continuation byte
2025-05-23 14:17:21.454 | ERROR    | firstblog.views:load_and_split_documents:101 - Error reading C:\Users\aplyg\PycharmProjects\DjangoSite\DjangoProject\firstblog\GXP_AI_agent\texts\Правила 85.docx: 'utf-8' codec can't decode byte 0x86 in position 14: invalid start byte
2025-05-23 14:17:21.454 | ERROR    | firstblog.views:load_and_split_documents:101 - Error reading C:\Users\aplyg\PycharmProjects\DjangoSite\DjangoProject\firstblog\GXP_AI_agent\texts\Правила 87.docx: 'utf-8' codec can't decode byte 0x87 in position 16: invalid start byte
2025-05-23 14:17:21.454 | ERROR    | firstblog.views:load_and_split_documents:101 - Error reading C:\Users\aplyg\PycharmProjects\DjangoSite\DjangoProject\firstblog\GXP_AI_agent\texts\Правила 89.docx: 'utf-8' codec can't decode byte 0xbe in position 16: invalid start byte
2025-05-23 14:17:21.454 | ERROR    | firstblog.views:load_and_split_documents:101 - Error reading C:\Users\aplyg\PycharmProjects\DjangoSite\DjangoProject\firstblog\GXP_AI_agent\texts\Правило 178.docx: 'utf-8' codec can't decode byte 0x87 in position 16: invalid start byte
2025-05-23 14:17:21.454 | ERROR    | firstblog.views:load_and_split_documents:101 - Error reading C:\Users\aplyg\PycharmProjects\DjangoSite\DjangoProject\firstblog\GXP_AI_agent\texts\Приложение 13.docx: 'utf-8' codec can't decode byte 0x87 in position 16: invalid start byte
2025-05-23 14:17:21.454 | ERROR    | firstblog.views:load_and_split_documents:101 - Error reading C:\Users\aplyg\PycharmProjects\DjangoSite\DjangoProject\firstblog\GXP_AI_agent\texts\Приложение 14.docx: 'utf-8' codec can't decode byte 0x87 in position 16: invalid start byte
2025-05-23 14:17:21.454 | ERROR    | firstblog.views:load_and_split_documents:101 - Error reading C:\Users\aplyg\PycharmProjects\DjangoSite\DjangoProject\firstblog\GXP_AI_agent\texts\Приложение 15.docx: 'utf-8' codec can't decode byte 0x87 in position 16: invalid start byte
2025-05-23 14:17:21.454 | ERROR    | firstblog.views:load_and_split_documents:101 - Error reading C:\Users\aplyg\PycharmProjects\DjangoSite\DjangoProject\firstblog\GXP_AI_agent\texts\Приложение 19.docx: 'utf-8' codec can't decode byte 0x87 in position 16: invalid start byte
2025-05-23 14:17:21.454 | ERROR    | firstblog.views:load_and_split_documents:101 - Error reading C:\Users\aplyg\PycharmProjects\DjangoSite\DjangoProject\firstblog\GXP_AI_agent\texts\Приложение 20.docx: 'utf-8' codec can't decode byte 0xf7 in position 15: invalid start byte
2025-05-23 14:17:21.462 | ERROR    | firstblog.views:load_and_split_documents:101 - Error reading C:\Users\aplyg\PycharmProjects\DjangoSite\DjangoProject\firstblog\GXP_AI_agent\texts\Приложение 23.docx: 'utf-8' codec can't decode byte 0xf7 in position 15: invalid start byte
2025-05-23 14:17:21.463 | ERROR    | firstblog.views:load_and_split_documents:101 - Error reading C:\Users\aplyg\PycharmProjects\DjangoSite\DjangoProject\firstblog\GXP_AI_agent\texts\Рекомендации 30.docx: 'utf-8' codec can't decode byte 0xab in position 14: invalid start byte
2025-05-23 14:17:21.464 | ERROR    | firstblog.views:load_and_split_documents:101 - Error reading C:\Users\aplyg\PycharmProjects\DjangoSite\DjangoProject\firstblog\GXP_AI_agent\texts\Рекомендации 89.docx: 'utf-8' codec can't decode byte 0xce in position 14: invalid continuation byte
2025-05-23 14:17:21.464 | ERROR    | firstblog.views:load_and_split_documents:101 - Error reading C:\Users\aplyg\PycharmProjects\DjangoSite\DjangoProject\firstblog\GXP_AI_agent\texts\Рекомендация 1.docx: 'utf-8' codec can't decode byte 0xd4 in position 14: invalid continuation byte
2025-05-23 14:17:21.464 | ERROR    | firstblog.views:load_and_split_documents:101 - Error reading C:\Users\aplyg\PycharmProjects\DjangoSite\DjangoProject\firstblog\GXP_AI_agent\texts\Рекомендация 10.docx: 'utf-8' codec can't decode byte 0xdf in position 18: invalid continuation byte
2025-05-23 14:17:21.464 | ERROR    | firstblog.views:load_and_split_documents:101 - Error reading C:\Users\aplyg\PycharmProjects\DjangoSite\DjangoProject\firstblog\GXP_AI_agent\texts\Рекомендация 11 2.docx: 'utf-8' codec can't decode byte 0xf1 in position 15: invalid continuation byte
2025-05-23 14:17:21.464 | ERROR    | firstblog.views:load_and_split_documents:101 - Error reading C:\Users\aplyg\PycharmProjects\DjangoSite\DjangoProject\firstblog\GXP_AI_agent\texts\Рекомендация 11.docx: 'utf-8' codec can't decode byte 0x9c in position 18: invalid start byte
2025-05-23 14:17:21.464 | ERROR    | firstblog.views:load_and_split_documents:101 - Error reading C:\Users\aplyg\PycharmProjects\DjangoSite\DjangoProject\firstblog\GXP_AI_agent\texts\Рекомендация 111.docx: 'utf-8' codec can't decode byte 0xec in position 14: invalid continuation byte
2025-05-23 14:17:21.470 | ERROR    | firstblog.views:load_and_split_documents:101 - Error reading C:\Users\aplyg\PycharmProjects\DjangoSite\DjangoProject\firstblog\GXP_AI_agent\texts\Рекомендация 12.docx: 'utf-8' codec can't decode byte 0xa4 in position 14: invalid start byte
2025-05-23 14:17:21.470 | ERROR    | firstblog.views:load_and_split_documents:101 - Error reading C:\Users\aplyg\PycharmProjects\DjangoSite\DjangoProject\firstblog\GXP_AI_agent\texts\Рекомендация 13 2.docx: 'utf-8' codec can't decode byte 0xec in position 16: invalid continuation byte
2025-05-23 14:17:21.472 | ERROR    | firstblog.views:load_and_split_documents:101 - Error reading C:\Users\aplyg\PycharmProjects\DjangoSite\DjangoProject\firstblog\GXP_AI_agent\texts\Рекомендация 13.docx: 'utf-8' codec can't decode byte 0xec in position 16: invalid continuation byte
2025-05-23 14:17:21.472 | ERROR    | firstblog.views:load_and_split_documents:101 - Error reading C:\Users\aplyg\PycharmProjects\DjangoSite\DjangoProject\firstblog\GXP_AI_agent\texts\Рекомендация 15 2.docx: 'utf-8' codec can't decode byte 0x86 in position 14: invalid start byte
2025-05-23 14:17:21.472 | ERROR    | firstblog.views:load_and_split_documents:101 - Error reading C:\Users\aplyg\PycharmProjects\DjangoSite\DjangoProject\firstblog\GXP_AI_agent\texts\Рекомендация 15.docx: 'utf-8' codec can't decode byte 0xec in position 14: invalid continuation byte
2025-05-23 14:17:21.472 | ERROR    | firstblog.views:load_and_split_documents:101 - Error reading C:\Users\aplyg\PycharmProjects\DjangoSite\DjangoProject\firstblog\GXP_AI_agent\texts\Рекомендация 17.docx: 'utf-8' codec can't decode byte 0xfe in position 15: invalid start byte
2025-05-23 14:17:21.472 | ERROR    | firstblog.views:load_and_split_documents:101 - Error reading C:\Users\aplyg\PycharmProjects\DjangoSite\DjangoProject\firstblog\GXP_AI_agent\texts\Рекомендация 18.docx: 'utf-8' codec can't decode byte 0xd4 in position 14: invalid continuation byte
2025-05-23 14:17:21.472 | ERROR    | firstblog.views:load_and_split_documents:101 - Error reading C:\Users\aplyg\PycharmProjects\DjangoSite\DjangoProject\firstblog\GXP_AI_agent\texts\Рекомендация 19 2.docx: 'utf-8' codec can't decode byte 0xec in position 16: invalid continuation byte
2025-05-23 14:17:21.472 | ERROR    | firstblog.views:load_and_split_documents:101 - Error reading C:\Users\aplyg\PycharmProjects\DjangoSite\DjangoProject\firstblog\GXP_AI_agent\texts\Рекомендация 19.docx: 'utf-8' codec can't decode byte 0xd4 in position 14: invalid continuation byte
2025-05-23 14:17:21.472 | ERROR    | firstblog.views:load_and_split_documents:101 - Error reading C:\Users\aplyg\PycharmProjects\DjangoSite\DjangoProject\firstblog\GXP_AI_agent\texts\Рекомендация 2 2.docx: 'utf-8' codec can't decode byte 0xdf in position 18: invalid continuation byte
2025-05-23 14:17:21.479 | ERROR    | firstblog.views:load_and_split_documents:101 - Error reading C:\Users\aplyg\PycharmProjects\DjangoSite\DjangoProject\firstblog\GXP_AI_agent\texts\Рекомендация 2 3.docx: 'utf-8' codec can't decode byte 0xa4 in position 14: invalid start byte
2025-05-23 14:17:21.480 | ERROR    | firstblog.views:load_and_split_documents:101 - Error reading C:\Users\aplyg\PycharmProjects\DjangoSite\DjangoProject\firstblog\GXP_AI_agent\texts\Рекомендация 2.docx: 'utf-8' codec can't decode byte 0xec in position 14: invalid continuation byte
2025-05-23 14:17:21.480 | ERROR    | firstblog.views:load_and_split_documents:101 - Error reading C:\Users\aplyg\PycharmProjects\DjangoSite\DjangoProject\firstblog\GXP_AI_agent\texts\Рекомендация 202.docx: 'utf-8' codec can't decode byte 0x86 in position 14: invalid start byte
2025-05-23 14:17:21.480 | ERROR    | firstblog.views:load_and_split_documents:101 - Error reading C:\Users\aplyg\PycharmProjects\DjangoSite\DjangoProject\firstblog\GXP_AI_agent\texts\Рекомендация 23 2.docx: 'utf-8' codec can't decode byte 0xf0 in position 16: invalid continuation byte
2025-05-23 14:17:21.480 | ERROR    | firstblog.views:load_and_split_documents:101 - Error reading C:\Users\aplyg\PycharmProjects\DjangoSite\DjangoProject\firstblog\GXP_AI_agent\texts\Рекомендация 23.docx: 'utf-8' codec can't decode byte 0xd4 in position 14: invalid continuation byte
2025-05-23 14:17:21.480 | ERROR    | firstblog.views:load_and_split_documents:101 - Error reading C:\Users\aplyg\PycharmProjects\DjangoSite\DjangoProject\firstblog\GXP_AI_agent\texts\Рекомендация 24.docx: 'utf-8' codec can't decode byte 0xf0 in position 16: invalid continuation byte
2025-05-23 14:17:21.480 | ERROR    | firstblog.views:load_and_split_documents:101 - Error reading C:\Users\aplyg\PycharmProjects\DjangoSite\DjangoProject\firstblog\GXP_AI_agent\texts\Рекомендация 25.docx: 'utf-8' codec can't decode byte 0xa4 in position 14: invalid start byte
2025-05-23 14:17:21.480 | ERROR    | firstblog.views:load_and_split_documents:101 - Error reading C:\Users\aplyg\PycharmProjects\DjangoSite\DjangoProject\firstblog\GXP_AI_agent\texts\Рекомендация 26.docx: 'utf-8' codec can't decode byte 0xd4 in position 14: invalid continuation byte
2025-05-23 14:17:21.486 | ERROR    | firstblog.views:load_and_split_documents:101 - Error reading C:\Users\aplyg\PycharmProjects\DjangoSite\DjangoProject\firstblog\GXP_AI_agent\texts\Рекомендация 28.docx: 'utf-8' codec can't decode byte 0xe3 in position 14: invalid continuation byte
2025-05-23 14:17:21.487 | ERROR    | firstblog.views:load_and_split_documents:101 - Error reading C:\Users\aplyg\PycharmProjects\DjangoSite\DjangoProject\firstblog\GXP_AI_agent\texts\Рекомендация 3.docx: 'utf-8' codec can't decode byte 0xa4 in position 14: invalid start byte
2025-05-23 14:17:21.487 | ERROR    | firstblog.views:load_and_split_documents:101 - Error reading C:\Users\aplyg\PycharmProjects\DjangoSite\DjangoProject\firstblog\GXP_AI_agent\texts\Рекомендация 31.docx: 'utf-8' codec can't decode byte 0xec in position 16: invalid continuation byte
2025-05-23 14:17:21.487 | ERROR    | firstblog.views:load_and_split_documents:101 - Error reading C:\Users\aplyg\PycharmProjects\DjangoSite\DjangoProject\firstblog\GXP_AI_agent\texts\Рекомендация 33.docx: 'utf-8' codec can't decode byte 0xd4 in position 14: invalid continuation byte
2025-05-23 14:17:21.487 | ERROR    | firstblog.views:load_and_split_documents:101 - Error reading C:\Users\aplyg\PycharmProjects\DjangoSite\DjangoProject\firstblog\GXP_AI_agent\texts\Рекомендация 6 2.docx: 'utf-8' codec can't decode byte 0xa4 in position 14: invalid start byte
2025-05-23 14:17:21.487 | ERROR    | firstblog.views:load_and_split_documents:101 - Error reading C:\Users\aplyg\PycharmProjects\DjangoSite\DjangoProject\firstblog\GXP_AI_agent\texts\Рекомендация 6.docx: 'utf-8' codec can't decode byte 0xd4 in position 14: invalid continuation byte
2025-05-23 14:17:21.487 | ERROR    | firstblog.views:load_and_split_documents:101 - Error reading C:\Users\aplyg\PycharmProjects\DjangoSite\DjangoProject\firstblog\GXP_AI_agent\texts\Рекомендация 8.docx: 'utf-8' codec can't decode byte 0xa4 in position 14: invalid start byte
2025-05-23 14:17:21.487 | ERROR    | firstblog.views:load_and_split_documents:101 - Error reading C:\Users\aplyg\PycharmProjects\DjangoSite\DjangoProject\firstblog\GXP_AI_agent\texts\Рекомендация 9.docx: 'utf-8' codec can't decode byte 0xdf in position 18: invalid continuation byte
2025-05-23 14:17:21.487 | ERROR    | firstblog.views:load_and_split_documents:101 - Error reading C:\Users\aplyg\PycharmProjects\DjangoSite\DjangoProject\firstblog\GXP_AI_agent\texts\Решение 100.docx: 'utf-8' codec can't decode byte 0xec in position 14: invalid continuation byte
2025-05-23 14:17:21.495 | ERROR    | firstblog.views:load_and_split_documents:101 - Error reading C:\Users\aplyg\PycharmProjects\DjangoSite\DjangoProject\firstblog\GXP_AI_agent\texts\Решение 113.docx: 'utf-8' codec can't decode byte 0xf6 in position 14: invalid start byte
2025-05-23 14:17:21.495 | ERROR    | firstblog.views:load_and_split_documents:101 - Error reading C:\Users\aplyg\PycharmProjects\DjangoSite\DjangoProject\firstblog\GXP_AI_agent\texts\Решение 119.docx: 'utf-8' codec can't decode byte 0xce in position 14: invalid continuation byte
2025-05-23 14:17:21.497 | ERROR    | firstblog.views:load_and_split_documents:101 - Error reading C:\Users\aplyg\PycharmProjects\DjangoSite\DjangoProject\firstblog\GXP_AI_agent\texts\Решение 121.docx: 'utf-8' codec can't decode byte 0xcd in position 15: invalid continuation byte
2025-05-23 14:17:21.497 | ERROR    | firstblog.views:load_and_split_documents:101 - Error reading C:\Users\aplyg\PycharmProjects\DjangoSite\DjangoProject\firstblog\GXP_AI_agent\texts\Решение 128.docx: 'utf-8' codec can't decode byte 0xfb in position 15: invalid start byte
2025-05-23 14:17:21.497 | ERROR    | firstblog.views:load_and_split_documents:101 - Error reading C:\Users\aplyg\PycharmProjects\DjangoSite\DjangoProject\firstblog\GXP_AI_agent\texts\Решение 14.docx: 'utf-8' codec can't decode byte 0xb6 in position 14: invalid start byte
2025-05-23 14:17:21.497 | ERROR    | firstblog.views:load_and_split_documents:101 - Error reading C:\Users\aplyg\PycharmProjects\DjangoSite\DjangoProject\firstblog\GXP_AI_agent\texts\Решение 151.docx: 'utf-8' codec can't decode byte 0xf6 in position 14: invalid start byte
2025-05-23 14:17:21.497 | ERROR    | firstblog.views:load_and_split_documents:101 - Error reading C:\Users\aplyg\PycharmProjects\DjangoSite\DjangoProject\firstblog\GXP_AI_agent\texts\Решение 172.docx: 'utf-8' codec can't decode byte 0xce in position 14: invalid continuation byte
2025-05-23 14:17:21.497 | ERROR    | firstblog.views:load_and_split_documents:101 - Error reading C:\Users\aplyg\PycharmProjects\DjangoSite\DjangoProject\firstblog\GXP_AI_agent\texts\Решение 178.docx: 'utf-8' codec can't decode byte 0xce in position 14: invalid continuation byte
2025-05-23 14:17:21.497 | ERROR    | firstblog.views:load_and_split_documents:101 - Error reading C:\Users\aplyg\PycharmProjects\DjangoSite\DjangoProject\firstblog\GXP_AI_agent\texts\Решение 34.docx: 'utf-8' codec can't decode byte 0x9b in position 16: invalid start byte
2025-05-23 14:17:21.503 | ERROR    | firstblog.views:load_and_split_documents:101 - Error reading C:\Users\aplyg\PycharmProjects\DjangoSite\DjangoProject\firstblog\GXP_AI_agent\texts\Решение 36.docx: 'utf-8' codec can't decode byte 0x9a in position 16: invalid start byte
2025-05-23 14:17:21.503 | ERROR    | firstblog.views:load_and_split_documents:101 - Error reading C:\Users\aplyg\PycharmProjects\DjangoSite\DjangoProject\firstblog\GXP_AI_agent\texts\Решение 51.docx: 'utf-8' codec can't decode byte 0x9a in position 16: invalid start byte
2025-05-23 14:17:21.505 | ERROR    | firstblog.views:load_and_split_documents:101 - Error reading C:\Users\aplyg\PycharmProjects\DjangoSite\DjangoProject\firstblog\GXP_AI_agent\texts\Решение 55.docx: 'utf-8' codec can't decode byte 0x86 in position 14: invalid start byte
2025-05-23 14:17:21.505 | ERROR    | firstblog.views:load_and_split_documents:101 - Error reading C:\Users\aplyg\PycharmProjects\DjangoSite\DjangoProject\firstblog\GXP_AI_agent\texts\Решение 65.docx: 'utf-8' codec can't decode byte 0xc1 in position 14: invalid start byte
2025-05-23 14:17:21.505 | ERROR    | firstblog.views:load_and_split_documents:101 - Error reading C:\Users\aplyg\PycharmProjects\DjangoSite\DjangoProject\firstblog\GXP_AI_agent\texts\Решение 67.docx: 'utf-8' codec can't decode byte 0xfb in position 15: invalid start byte
2025-05-23 14:17:21.505 | ERROR    | firstblog.views:load_and_split_documents:101 - Error reading C:\Users\aplyg\PycharmProjects\DjangoSite\DjangoProject\firstblog\GXP_AI_agent\texts\Решение 69.docx: 'utf-8' codec can't decode byte 0xf6 in position 14: invalid start byte
2025-05-23 14:17:21.505 | ERROR    | firstblog.views:load_and_split_documents:101 - Error reading C:\Users\aplyg\PycharmProjects\DjangoSite\DjangoProject\firstblog\GXP_AI_agent\texts\Решение 75.docx: 'utf-8' codec can't decode byte 0xaf in position 14: invalid start byte
2025-05-23 14:17:21.505 | ERROR    | firstblog.views:load_and_split_documents:101 - Error reading C:\Users\aplyg\PycharmProjects\DjangoSite\DjangoProject\firstblog\GXP_AI_agent\texts\Решение 76.docx: 'utf-8' codec can't decode byte 0x80 in position 16: invalid start byte
2025-05-23 14:17:21.511 | ERROR    | firstblog.views:load_and_split_documents:101 - Error reading C:\Users\aplyg\PycharmProjects\DjangoSite\DjangoProject\firstblog\GXP_AI_agent\texts\Решение 77.docx: 'utf-8' codec can't decode byte 0xce in position 14: invalid continuation byte
2025-05-23 14:17:21.512 | ERROR    | firstblog.views:load_and_split_documents:101 - Error reading C:\Users\aplyg\PycharmProjects\DjangoSite\DjangoProject\firstblog\GXP_AI_agent\texts\Решение 78.docx: 'utf-8' codec can't decode byte 0x91 in position 14: invalid start byte
2025-05-23 14:17:21.513 | ERROR    | firstblog.views:load_and_split_documents:101 - Error reading C:\Users\aplyg\PycharmProjects\DjangoSite\DjangoProject\firstblog\GXP_AI_agent\texts\Решение 79.docx: 'utf-8' codec can't decode byte 0xce in position 14: invalid continuation byte
2025-05-23 14:17:21.513 | ERROR    | firstblog.views:load_and_split_documents:101 - Error reading C:\Users\aplyg\PycharmProjects\DjangoSite\DjangoProject\firstblog\GXP_AI_agent\texts\Решение 80.docx: 'utf-8' codec can't decode byte 0xfb in position 15: invalid start byte
2025-05-23 14:17:21.513 | ERROR    | firstblog.views:load_and_split_documents:101 - Error reading C:\Users\aplyg\PycharmProjects\DjangoSite\DjangoProject\firstblog\GXP_AI_agent\texts\Решение 81 2.docx: 'utf-8' codec can't decode byte 0xce in position 14: invalid continuation byte
2025-05-23 14:17:21.513 | ERROR    | firstblog.views:load_and_split_documents:101 - Error reading C:\Users\aplyg\PycharmProjects\DjangoSite\DjangoProject\firstblog\GXP_AI_agent\texts\Решение 81.docx: 'utf-8' codec can't decode byte 0xc1 in position 14: invalid start byte
2025-05-23 14:17:21.513 | ERROR    | firstblog.views:load_and_split_documents:101 - Error reading C:\Users\aplyg\PycharmProjects\DjangoSite\DjangoProject\firstblog\GXP_AI_agent\texts\Решение 85.docx: 'utf-8' codec can't decode byte 0xc1 in position 14: invalid start byte
2025-05-23 14:17:21.513 | ERROR    | firstblog.views:load_and_split_documents:101 - Error reading C:\Users\aplyg\PycharmProjects\DjangoSite\DjangoProject\firstblog\GXP_AI_agent\texts\Решение 86.docx: 'utf-8' codec can't decode byte 0xec in position 14: invalid continuation byte
2025-05-23 14:17:21.513 | ERROR    | firstblog.views:load_and_split_documents:101 - Error reading C:\Users\aplyg\PycharmProjects\DjangoSite\DjangoProject\firstblog\GXP_AI_agent\texts\Решение 87.docx: 'utf-8' codec can't decode byte 0xce in position 14: invalid continuation byte
2025-05-23 14:17:21.520 | ERROR    | firstblog.views:load_and_split_documents:101 - Error reading C:\Users\aplyg\PycharmProjects\DjangoSite\DjangoProject\firstblog\GXP_AI_agent\texts\Решение 88.docx: 'utf-8' codec can't decode byte 0x80 in position 16: invalid start byte
2025-05-23 14:17:21.520 | ERROR    | firstblog.views:load_and_split_documents:101 - Error reading C:\Users\aplyg\PycharmProjects\DjangoSite\DjangoProject\firstblog\GXP_AI_agent\texts\Решение 9.docx: 'utf-8' codec can't decode byte 0xfb in position 15: invalid start byte
2025-05-23 14:17:21.520 | ERROR    | firstblog.views:load_and_split_documents:101 - Error reading C:\Users\aplyg\PycharmProjects\DjangoSite\DjangoProject\firstblog\GXP_AI_agent\texts\Решение 92.docx: 'utf-8' codec can't decode byte 0xdc in position 18: invalid continuation byte
2025-05-23 14:17:21.520 | ERROR    | firstblog.views:load_and_split_documents:101 - Error reading C:\Users\aplyg\PycharmProjects\DjangoSite\DjangoProject\firstblog\GXP_AI_agent\texts\Руководство 1.docx: 'utf-8' codec can't decode byte 0x9d in position 14: invalid start byte
2025-05-23 14:17:21.520 | ERROR    | firstblog.views:load_and_split_documents:101 - Error reading C:\Users\aplyg\PycharmProjects\DjangoSite\DjangoProject\firstblog\GXP_AI_agent\texts\Руководство 10.docx: 'utf-8' codec can't decode byte 0xf2 in position 14: invalid continuation byte
2025-05-23 14:17:21.520 | ERROR    | firstblog.views:load_and_split_documents:101 - Error reading C:\Users\aplyg\PycharmProjects\DjangoSite\DjangoProject\firstblog\GXP_AI_agent\texts\Руководство 11.docx: 'utf-8' codec can't decode byte 0x9d in position 14: invalid start byte
2025-05-23 14:17:21.520 | ERROR    | firstblog.views:load_and_split_documents:101 - Error reading C:\Users\aplyg\PycharmProjects\DjangoSite\DjangoProject\firstblog\GXP_AI_agent\texts\Руководство 111.docx: 'utf-8' codec can't decode byte 0x9d in position 14: invalid start byte
2025-05-23 14:17:21.520 | ERROR    | firstblog.views:load_and_split_documents:101 - Error reading C:\Users\aplyg\PycharmProjects\DjangoSite\DjangoProject\firstblog\GXP_AI_agent\texts\Руководство 113.docx: 'utf-8' codec can't decode byte 0xaf in position 16: invalid start byte
2025-05-23 14:17:21.520 | ERROR    | firstblog.views:load_and_split_documents:101 - Error reading C:\Users\aplyg\PycharmProjects\DjangoSite\DjangoProject\firstblog\GXP_AI_agent\texts\Руководство 15 2.docx: 'utf-8' codec can't decode byte 0xee in position 17: invalid continuation byte
2025-05-23 14:17:21.520 | ERROR    | firstblog.views:load_and_split_documents:101 - Error reading C:\Users\aplyg\PycharmProjects\DjangoSite\DjangoProject\firstblog\GXP_AI_agent\texts\Руководство 15.docx: 'utf-8' codec can't decode byte 0x9c in position 15: invalid start byte
2025-05-23 14:17:21.520 | ERROR    | firstblog.views:load_and_split_documents:101 - Error reading C:\Users\aplyg\PycharmProjects\DjangoSite\DjangoProject\firstblog\GXP_AI_agent\texts\Руководство 151.docx: 'utf-8' codec can't decode byte 0xd7 in position 14: invalid continuation byte
2025-05-23 14:17:21.528 | ERROR    | firstblog.views:load_and_split_documents:101 - Error reading C:\Users\aplyg\PycharmProjects\DjangoSite\DjangoProject\firstblog\GXP_AI_agent\texts\Руководство 17.docx: 'utf-8' codec can't decode byte 0xb0 in position 14: invalid start byte
2025-05-23 14:17:21.528 | ERROR    | firstblog.views:load_and_split_documents:101 - Error reading C:\Users\aplyg\PycharmProjects\DjangoSite\DjangoProject\firstblog\GXP_AI_agent\texts\Руководство 19 2.docx: 'utf-8' codec can't decode byte 0xff in position 18: invalid start byte
2025-05-23 14:17:21.529 | ERROR    | firstblog.views:load_and_split_documents:101 - Error reading C:\Users\aplyg\PycharmProjects\DjangoSite\DjangoProject\firstblog\GXP_AI_agent\texts\Руководство 19.docx: 'utf-8' codec can't decode byte 0xf2 in position 14: invalid continuation byte
2025-05-23 14:17:21.530 | ERROR    | firstblog.views:load_and_split_documents:101 - Error reading C:\Users\aplyg\PycharmProjects\DjangoSite\DjangoProject\firstblog\GXP_AI_agent\texts\Руководство 2 2.docx: 'utf-8' codec can't decode byte 0x87 in position 16: invalid start byte
2025-05-23 14:17:21.530 | ERROR    | firstblog.views:load_and_split_documents:101 - Error reading C:\Users\aplyg\PycharmProjects\DjangoSite\DjangoProject\firstblog\GXP_AI_agent\texts\Руководство 2.docx: 'utf-8' codec can't decode byte 0xf2 in position 14: invalid continuation byte
2025-05-23 14:17:21.530 | ERROR    | firstblog.views:load_and_split_documents:101 - Error reading C:\Users\aplyg\PycharmProjects\DjangoSite\DjangoProject\firstblog\GXP_AI_agent\texts\Руководство 202.docx: 'utf-8' codec can't decode byte 0xdc in position 14: invalid continuation byte
2025-05-23 14:17:21.530 | ERROR    | firstblog.views:load_and_split_documents:101 - Error reading C:\Users\aplyg\PycharmProjects\DjangoSite\DjangoProject\firstblog\GXP_AI_agent\texts\Руководство 23 2.docx: 'utf-8' codec can't decode byte 0x87 in position 16: invalid start byte
2025-05-23 14:17:21.530 | ERROR    | firstblog.views:load_and_split_documents:101 - Error reading C:\Users\aplyg\PycharmProjects\DjangoSite\DjangoProject\firstblog\GXP_AI_agent\texts\Руководство 23.docx: 'utf-8' codec can't decode byte 0x9d in position 14: invalid start byte
2025-05-23 14:17:21.530 | ERROR    | firstblog.views:load_and_split_documents:101 - Error reading C:\Users\aplyg\PycharmProjects\DjangoSite\DjangoProject\firstblog\GXP_AI_agent\texts\Руководство 24.docx: 'utf-8' codec can't decode byte 0xf8 in position 15: invalid start byte
2025-05-23 14:17:21.530 | ERROR    | firstblog.views:load_and_split_documents:101 - Error reading C:\Users\aplyg\PycharmProjects\DjangoSite\DjangoProject\firstblog\GXP_AI_agent\texts\Руководство 25.docx: 'utf-8' codec can't decode byte 0xa4 in position 14: invalid start byte
2025-05-23 14:17:21.530 | ERROR    | firstblog.views:load_and_split_documents:101 - Error reading C:\Users\aplyg\PycharmProjects\DjangoSite\DjangoProject\firstblog\GXP_AI_agent\texts\Руководство 26.docx: 'utf-8' codec can't decode byte 0xb9 in position 15: invalid start byte
2025-05-23 14:17:21.530 | ERROR    | firstblog.views:load_and_split_documents:101 - Error reading C:\Users\aplyg\PycharmProjects\DjangoSite\DjangoProject\firstblog\GXP_AI_agent\texts\Руководство 28.docx: 'utf-8' codec can't decode byte 0xbe in position 16: invalid start byte
2025-05-23 14:17:21.536 | ERROR    | firstblog.views:load_and_split_documents:101 - Error reading C:\Users\aplyg\PycharmProjects\DjangoSite\DjangoProject\firstblog\GXP_AI_agent\texts\Руководство 3.docx: 'utf-8' codec can't decode byte 0xf8 in position 15: invalid start byte
2025-05-23 14:17:21.536 | ERROR    | firstblog.views:load_and_split_documents:101 - Error reading C:\Users\aplyg\PycharmProjects\DjangoSite\DjangoProject\firstblog\GXP_AI_agent\texts\Руководство 30.docx: 'utf-8' codec can't decode byte 0xbf in position 14: invalid start byte
2025-05-23 14:17:21.538 | ERROR    | firstblog.views:load_and_split_documents:101 - Error reading C:\Users\aplyg\PycharmProjects\DjangoSite\DjangoProject\firstblog\GXP_AI_agent\texts\Руководство 33.docx: 'utf-8' codec can't decode byte 0x9d in position 14: invalid start byte
2025-05-23 14:17:21.538 | ERROR    | firstblog.views:load_and_split_documents:101 - Error reading C:\Users\aplyg\PycharmProjects\DjangoSite\DjangoProject\firstblog\GXP_AI_agent\texts\Руководство 6 2.docx: 'utf-8' codec can't decode byte 0x87 in position 16: invalid start byte
2025-05-23 14:17:21.538 | ERROR    | firstblog.views:load_and_split_documents:101 - Error reading C:\Users\aplyg\PycharmProjects\DjangoSite\DjangoProject\firstblog\GXP_AI_agent\texts\Руководство 6.docx: 'utf-8' codec can't decode byte 0xb9 in position 14: invalid start byte
2025-05-23 14:17:21.538 | ERROR    | firstblog.views:load_and_split_documents:101 - Error reading C:\Users\aplyg\PycharmProjects\DjangoSite\DjangoProject\firstblog\GXP_AI_agent\texts\Руководство 8.docx: 'utf-8' codec can't decode byte 0xee in position 17: invalid continuation byte
2025-05-23 14:17:21.538 | ERROR    | firstblog.views:load_and_split_documents:101 - Error reading C:\Users\aplyg\PycharmProjects\DjangoSite\DjangoProject\firstblog\GXP_AI_agent\texts\Руководство 9.docx: 'utf-8' codec can't decode byte 0x82 in position 16: invalid start byte
2025-05-23 14:17:21.538 | ERROR    | firstblog.views:load_and_split_documents:101 - Error reading C:\Users\aplyg\PycharmProjects\DjangoSite\DjangoProject\firstblog\GXP_AI_agent\texts\Руководство_18.docx: 'utf-8' codec can't decode byte 0x9d in position 14: invalid start byte
2025-05-23 14:17:21.538 | ERROR    | firstblog.views:load_and_split_documents:101 - Error reading C:\Users\aplyg\PycharmProjects\DjangoSite\DjangoProject\firstblog\GXP_AI_agent\texts\Требования 31.docx: 'utf-8' codec can't decode byte 0xbe in position 16: invalid start byte
2025-05-23 14:17:21.538 | ERROR    | firstblog.views:load_and_split_documents:101 - Error reading C:\Users\aplyg\PycharmProjects\DjangoSite\DjangoProject\firstblog\GXP_AI_agent\texts\Требования 76.docx: 'utf-8' codec can't decode bytes in position 14-15: invalid continuation byte
2025-05-23 14:17:21.538 | ERROR    | firstblog.views:load_and_split_documents:101 - Error reading C:\Users\aplyg\PycharmProjects\DjangoSite\DjangoProject\firstblog\GXP_AI_agent\texts\Требования 88.docx: 'utf-8' codec can't decode byte 0xf3 in position 14: invalid continuation byte
2025-05-23 14:17:21.544 | ERROR    | firstblog.views:load_and_split_documents:101 - Error reading C:\Users\aplyg\PycharmProjects\DjangoSite\DjangoProject\firstblog\GXP_AI_agent\texts\Требования.docx: 'utf-8' codec can't decode byte 0x87 in position 16: invalid start byte
2025-05-23 14:17:21.544 | ERROR    | firstblog.views:load_documents:117 - No documents found in texts directory
2025-05-23 14:17:21.544 | ERROR    | firstblog.views:load_documents:144 - Failed to load documents: No documents found in texts directory
2025-05-23 14:17:54.852 | ERROR    | firstblog.views:__init__:56 - Error initializing RAG model: VectorDB.__init__() missing 2 required positional arguments: 'faiss_dir' and 'index'
2025-05-23 14:41:51.217 | ERROR    | firstblog.views:result:98 - RAG model not initialized
2025-05-24 13:33:25.300 | ERROR    | firstblog.views:result:161 - Error processing query: [Errno 2] No such file or directory: '/data/docs.dill'
